X,Y,Z
239.314,270.341,168.172
241.307,269.437,171.28
243.48,271.887,173.226
246.041,270.975,175.889
245.563,273.331,178.835
248.734,274.988,180.126
249.483,277.249,183.111
248.346,274.782,185.784
250.347,274.36,188.983
251.074,270.77,190.017
250.421,269.794,193.647
250.632,266.537,195.608
247.357,264.623,195.985
245.159,265.111,199.036
243.208,262.583,201.076
240.333,262.771,203.543
237.974,260.488,205.465
234.415,259.334,204.686
232.251,259.544,207.827
229.611,256.806,207.33
228.9,257.939,203.763
227.815,256.113,200.643
224.829,254.017,201.763
222.142,253.239,199.199
218.948,251.195,199.076
219.831,247.598,198.148
216.425,246.57,196.748
212.956,247.947,195.962
210.878,246.435,198.795
209.297,248.718,201.396
210.326,247.969,205.007
209.548,249.874,208.203
210.684,249.702,211.85
213.232,246.951,211.307
216.917,246.059,211.423
217.886,244.342,208.156
221.178,242.672,207.206
222.429,242.732,203.63
225.652,241.722,201.878
226.618,243.88,198.901
229.194,246.313,197.475
229.433,249.261,199.855
231.863,252.026,200.66
233.492,251,203.978
233.02,253.273,206.972
235.842,255.666,207.871
237.682,254.989,204.636
240.394,257.023,202.912
238.991,258.949,199.945
240.88,261.037,197.406
240.207,264.774,197.137
240.391,266.964,194.015
240.103,270.721,193.509
239.156,273.316,190.922
240.437,276.469,192.646
241.71,279.495,190.733
243.244,281.758,193.416
247.361,278.052,191.379
244.587,277.145,188.905
244.761,273.467,189.958
242.222,272.34,187.315
242.351,268.661,188.342
241.029,265.998,185.95
243.108,262.784,186.142
242.084,259.462,184.655
241.199,257.236,187.614
240.647,253.494,188.091
237.144,252.007,188.245
237.793,248.979,190.431
234.432,247.51,191.519
232.284,250.639,191.444
232.791,254.22,192.5
231.43,256.524,195.193
231.577,260.058,193.782
230.837,263.1,195.917
230.752,266.68,194.671
230.687,269.948,196.648
229.591,272.79,194.367
227.993,276.2,194.08
228.358,276.968,190.334
227.754,273.75,188.294
231.395,273.095,187.377
231.303,269.272,187.348
229.436,268.383,184.151
229.796,264.647,183.619
232,261.622,183.12
233.476,259.272,180.537
233.861,255.567,181.359
235.84,253.041,179.355
238.971,250.947,178.972
241.298,252.656,176.466
239.215,255.726,175.512
240.753,255.84,172.026
238.166,254.624,169.433
239.525,251.078,169.311
237.034,250.083,172.025
233.641,251.351,173.151
233.169,254.091,175.751
230.271,255.649,177.673
229.639,259.41,177.773
227.349,260.957,180.387
227.341,264.712,179.915
225.208,267.645,181.001
225.441,270.376,178.398
223.674,273.668,179.063
220.384,272.309,177.654
220.182,268.483,177.769
221.462,265.357,179.5
223.18,263.149,176.931
224.067,259.47,177.404
225.929,257.772,174.547
227.792,254.492,174.022
230.067,254.75,170.978
233.666,254.404,169.766
235.028,257.814,170.801
238.373,259.412,170.075
238.336,261.394,173.313
240.55,264.429,173.767
243.571,264.144,176.028
242.125,266.992,178.142
238.339,267.119,177.741
236.388,270.063,179.072
233.44,272.401,178.626
233.545,276.157,178.268
231.45,278.981,179.714
232.124,282.513,178.466
231.165,285.74,180.243
230.383,289.012,178.462
231.088,292.261,180.304
228.983,294.635,178.188
225.819,292.687,178.994
226.136,290.577,182.135
225.471,287.041,180.923
227.18,283.651,181.079
226.689,281.382,178.075
228.189,278.079,176.96
230.604,278.409,174.032
232.909,275.359,173.924
232.339,271.577,173.824
235.798,269.984,173.452
235.434,266.334,174.466
235.982,264.043,171.478
237.176,264.164,167.878
234.94,261.477,166.354
232.289,258.985,167.461
231.531,256.196,165.017
229.55,253.041,165.926
226.813,253.99,168.384
224.761,251.249,170.048
222.889,253.13,172.789
221.768,256.766,172.879
219.574,258.928,175.118
218.814,262.662,175.138
216.754,264.278,177.899
214.118,266.998,177.598
215.433,270.567,177.183
216.104,272.782,180.205
217.866,276.082,180.917
220.618,275.975,183.553
221.909,278.9,185.615
225.676,278.971,184.8
226.22,282.141,186.875
229.391,282.329,188.948
228.671,282.493,192.686
230.695,283.99,195.539
229.533,282.354,198.789
230.647,279.049,200.229
229.594,275.66,198.859
225.827,275.219,198.814
225.15,271.828,197.183
226.353,268.284,197.846
225.669,265.715,195.107
226.414,262.046,195.804
226.492,259.283,193.167
227.242,255.552,193.231
228.27,253.761,190.017
228.191,249.974,189.507
228.756,247.667,186.51
227.183,244.206,186.861
226.096,241.695,184.158
225.902,244.276,181.398
224.021,246.864,183.484
225.506,250.202,184.509
223.646,251.157,187.706
223.413,254.692,189.132
222.192,255.757,192.604
222.161,259.388,193.751
221.088,261.982,196.311
221.218,265.79,196.644
221.689,267.656,199.942
221.839,271.314,201.027
225.016,272.205,202.918
226.817,275.293,204.215
230.56,274.696,204.431
233.857,275.685,202.851
236.036,272.538,202.806
236.185,268.889,203.883
233.5,266.31,203.102
230.807,266.698,205.809
229.502,264.349,208.495
226.059,262.758,208.58
223.981,259.974,207.07
221.748,259.894,203.983
220.824,256.897,201.843
220.974,257.192,198.063
218.026,256.116,195.94
218.019,254.218,192.612
218.277,256.552,189.657
218.867,254.575,186.446
219.993,251.194,185.103
221.555,251.328,181.615
222.001,248.192,179.425
225.291,249.165,177.812
227.213,245.842,177.772
230.822,247.127,177.828
233.977,246.518,179.903
234.629,249.636,182.009
238.041,249.818,183.703
238.843,253.553,183.971
236.966,256.846,184.146
237.508,260.584,183.834
235.585,263.614,185.127
234.285,266.372,182.817
234.496,269.94,184.222
233.739,273.425,182.867
235.771,276.609,182.35
235.203,280.336,182.796
236.503,282.932,180.328
236.046,286.704,180.415
237.873,289.944,179.62
239.991,289.345,182.742
241.347,286.087,181.248
243.79,287.296,178.581
245.638,284.898,176.304
245.17,282.235,173.668
242.962,279.143,173.937
245.509,277.189,175.982
246.297,279.928,178.537
243.4,282.418,178.712
241.15,280.642,181.204
240.177,280.806,184.868
238.749,277.958,186.917
235.861,278.548,189.333
235.864,276.755,192.684
234.572,273.181,193.031
235.61,269.987,194.773
235.107,266.274,194.334
235.878,263.101,196.255
236.39,259.533,195.041
236.102,256.263,196.954
235.989,252.579,196.038
233.391,249.946,196.954
234.06,246.511,198.484
231.792,243.547,199.282
230.667,243.984,202.899
227.828,242.995,205.201
225.869,245.939,206.602
223.124,246.161,209.22
220.668,248.837,208.04
217.987,250.491,210.16
214.513,251.406,208.854
212.369,253.837,210.853
208.561,253.765,210.895
208.377,255.753,207.647
210.61,253.4,205.684
213.804,255.465,205.394
217.292,254.191,206.186
218.493,256.357,209.071
221.472,254.381,210.39
223.855,251.559,209.543
226.539,249.352,211.086
229.573,248.108,209.13
229.828,244.574,210.476
233.521,244.089,209.618
235.015,247.388,210.786
235.646,246.468,214.449
235.053,243.638,216.928
232.596,246.01,218.629
230.747,246.351,215.335
230.8,242.573,215.029
229.051,242.133,218.381
226.561,244.81,217.337
225.949,242.844,214.148
225.507,239.549,216.026
223.178,240.884,218.713
221.263,242.666,215.912
221.1,245.872,217.9
222.804,249.24,218.002
223.231,249.043,221.805
225.607,246.702,223.653
225.409,246.06,227.391
228.464,245.735,229.618
230.318,242.443,229.377
232.657,240.145,227.47
231.653,238.712,224.07
233.159,236.06,221.814
233.454,237.499,218.318
235.181,235.211,215.802
238.451,233.386,215.265
241.355,235.442,213.982
241.358,235.422,210.17
244.159,236.002,207.663
243.444,236.863,204.009
245.705,235.478,201.248
248.159,237.677,199.356
249.234,235.681,196.282
247.875,233.024,193.924
250.01,230.186,192.58
249.573,227.533,189.883
251.639,224.334,189.694
251.085,222.065,186.666
253.524,219.492,185.224
255.968,220.302,182.411
254.014,219.408,179.273
254.881,220.803,175.842
253.029,218.789,173.185
249.438,219.384,172.134
246.998,216.487,172.364
246.283,214.53,169.159
242.979,216.188,168.227
243.836,215.545,164.577
244.007,211.766,164.516
241.064,211.444,166.857
238.572,213.89,165.385
239.994,213.916,161.86
240.667,210.233,161.15
240.057,208.975,157.617
238.314,205.736,158.67
236.277,205.027,161.81
235.475,201.651,163.348
232.227,199.725,163.424
230.238,200.028,166.63
230.478,196.325,167.486
234.303,196.34,167.277
234.726,199.858,168.693
238.14,201.477,169.057
239.949,202.531,172.274
243.028,204.808,172.329
245.327,205.883,175.174
246.118,209.592,175.563
248.968,210.941,177.678
251.638,213.651,178.055
249.845,216.371,176.111
248.148,219.733,176.7
244.354,219.629,176.198
243.857,222.963,174.395
240.616,222.293,172.53
240.022,225.797,171.146
242.152,224.666,168.197
239.07,222.65,167.205
236.93,225.8,166.955
237.908,226.838,163.445
237.482,223.438,161.781
234.881,221.315,163.625
231.196,221.642,164.505
229.574,219.23,166.957
225.865,218.487,167.062
226.278,216.706,170.421
228.656,217.474,173.273
227.748,216.43,176.826
229.888,216.043,179.959
229.241,213.84,183.017
230.779,214.424,186.438
232.329,217.789,185.525
231.188,221.21,184.34
232.297,222.268,180.83
233.457,225.634,182.202
236.069,223.973,184.469
237.835,221.94,181.75
240.48,224.648,181.249
241.615,224.511,184.894
241.901,220.747,185.411
244.413,217.925,184.979
243.12,214.533,183.78
244,210.962,184.856
243.733,207.768,182.73
242.401,209.372,179.582
240.964,207.117,176.873
239.14,207.839,173.606
236.52,205.481,172.118
235.52,205.866,168.472
232.721,204.443,166.339
230.07,205.29,163.717
226.312,204.902,164.2
223.003,205.881,162.635
221.631,209.315,163.521
218.593,208.016,165.436
220.812,205.94,167.761
222.939,208.781,169.179
220.528,209.314,172.097
221.469,205.809,173.315
225.103,206.768,174.072
224.285,207.833,177.623
224.194,206.121,181.035
221.163,203.964,181.742
219.818,203.635,178.215
218.134,200.774,176.406
218.033,199.846,172.719
220.161,197.613,170.553
223.271,199.798,170.633
223.126,200.117,174.397
222.415,196.383,174.865
224.542,194.527,172.296
227.182,196.992,171.062
228.325,199.673,173.536
227.422,200.193,177.21
228.34,203.071,179.535
228.7,202.76,183.327
226.103,204.242,185.645
228.885,206.254,187.337
230.633,207.788,184.342
233.064,210.726,184.299
233.828,212.081,180.851
232.31,213.557,177.721
230.329,212.264,174.725
230.891,214.045,171.382
229.003,213.38,168.148
228.948,214.944,164.664
227.218,214.269,161.329
229.446,212.622,158.702
227.267,212.207,155.604
229.976,213.648,153.332
232.618,211.147,154.457
230.674,207.92,155.084
227.895,207.908,152.436
228.325,206.357,148.988
225.927,206.736,146.064
225.556,202.985,145.631
225.476,202.374,149.38
228.235,202.082,151.988
228.162,198.658,153.674
231.493,198.785,155.523
229.855,199.629,158.874
228.234,196.826,160.921
226.261,196.36,164.147
225.158,193.405,166.294
221.454,192.555,166.217
221.082,189.317,168.229
222.624,188.477,171.592
221.766,186.066,174.403
222.296,188.659,177.151
223.091,192.346,177.522
226.708,193.532,177.573
228.56,194.696,180.668
229.87,198.281,180.729
232.886,198.868,178.476
232.781,195.32,177.08
233.524,194.395,173.452
232.037,191.302,171.768
233.464,190.513,168.319
232.312,186.925,167.749
230.432,185.763,164.639
228.479,182.665,165.699
225.075,181.645,164.38
222.406,182.903,166.757
219.816,180.323,167.785
216.442,182.066,167.839
214.509,179.024,169.114
215.089,175.325,169.723
216.54,172.85,167.176
220.267,173.777,167.295
221.901,175.287,164.219
225.241,173.469,163.92
226.44,176.804,162.528
224.427,176.503,159.317
222.183,179.631,159.3
218.803,178.1,158.563
215.273,178.846,159.742
215.441,180.44,163.213
219.243,180.469,162.937
220.714,183.856,162.095
223.957,185.622,161.308
224.31,188.07,164.224
226.046,191.014,162.482
224.139,193.266,160.083
225.19,196.131,157.798
224.116,199.773,157.736
223.098,201.129,154.376
224.444,204.677,154.171
223.479,206.653,151.06
223.76,210.402,150.448
219.975,210.725,150.055
218.678,209.392,153.349
216.64,211.179,155.934
218.64,212.766,158.715
217.647,209.926,161.036
219.354,207.367,158.792
222.579,209.292,158.033
225.98,208.376,159.545
227.344,210.004,162.699
230.892,209.858,164.081
231.031,209.439,167.87
233.943,209.907,170.293
233.645,209.063,174.001
236.305,210.548,176.311
236.847,208.793,179.643
239.035,210.14,182.476
239.48,210.588,186.261
239.834,213.73,188.387
241.814,214.808,191.471
242.808,211.492,193.02
245.945,210.137,191.309
248.852,211.708,189.404
247.838,213.145,186.042
249.55,213.89,182.756
247.033,215.62,180.421
246.448,218.955,182.177
244.609,221.647,180.176
246.044,225.06,179.207
247.11,227.183,182.17
250.388,228.953,182.892
252.402,227.972,185.958
253.84,230.431,188.477
256.587,230.215,191.087
256.249,228.286,194.339
256.025,230.584,197.384
256.225,229.226,200.929
255.321,230.284,204.485
252.578,232.684,203.341
248.828,232.259,203.066
248.272,231.851,199.318
245.517,230.686,197.015
246.836,227.595,195.243
246.105,225.306,192.298
247.871,221.9,192.187
246.941,219.749,189.172
243.495,221.323,189.182
242.921,221.067,192.959
242.319,224.528,194.413
242.533,225.813,197.958
243.973,228.345,200.389
246.692,228.035,202.984
250.348,227.993,204.005
252.865,225.631,202.392
255.761,224.118,204.356
258.427,221.481,203.766
257.321,217.977,204.735
259.073,214.86,206.032
256.418,212.505,204.623
257.558,210.047,201.965
254.965,209.122,199.361
255.079,205.88,197.439
255.529,206.527,193.709
251.864,205.9,192.807
250.335,208.576,195.085
249.939,212.349,194.691
247.869,213.697,197.626
247.743,213.052,201.361
244.588,213.243,203.463
243.949,213.412,207.192
241.181,212.055,209.436
238.627,214.699,208.353
239.402,213.645,204.724
240.764,217.086,203.709
244.003,217.291,201.703
246.972,218.239,203.872
250.009,217.132,201.809
250.889,217.337,198.122
253.754,216.313,195.858
254.938,219.212,193.731
254.498,218.249,190.045
257.701,220.109,189.065
260.28,219.51,191.809
258.705,216.257,193.11
258.967,217.395,196.74
256.353,216.769,199.419
254.663,219.85,200.919
252.402,220.286,203.946
249.3,222.494,203.818
248.091,224.424,206.844
245.043,226.676,207.362
245.86,230.303,208.065
242.858,231.127,210.334
243.444,230.185,213.977
242.863,231.562,217.466
240.042,232.878,219.635
239.115,236.528,220.2
236.947,238.297,222.815
235.849,241.913,223.308
235.266,243.688,226.655
232.875,246.644,226.748
231.625,248.818,229.625
228.364,249.346,227.744
227.751,251.353,224.586
225.649,253.727,226.678
228.721,254.62,228.75
231.524,254.637,226.162
232.824,253.355,222.835
236.214,252.346,224.238
236.782,248.567,224.268
239.462,246.029,225.166
240.331,242.933,223.117
241.553,239.564,224.436
243.461,237.185,222.128
243.251,233.776,223.733
246.067,232.086,221.745
248.724,234.806,221.541
251.655,235.201,223.922
252.795,238.836,223.796
251.827,239.376,216.257
248.467,237.922,215.238
246.487,240.889,216.544
244.213,243.397,214.801
246.092,246.377,216.27
248.825,246.749,218.861
248.094,250.175,220.375
249.465,250.214,223.915
248.649,248.634,227.283
249.625,245.142,226.118
249.25,242.844,229.145
249.774,239.061,229.295
247.463,236.79,231.314
246.945,233.039,231.332
243.697,233.821,229.518
245.693,235.384,226.667
247.033,238.723,225.478
244.915,241.699,226.555
245.162,244.885,224.494
243.539,248.169,225.476
243.487,247.886,229.286
245.66,249.333,232.045
246.899,246.893,234.692
246.731,247.892,238.366
248.255,246.307,241.473
245.085,246.492,243.569
242.6,243.631,244.058
238.906,244.48,243.943
235.777,242.401,243.683
235.092,240.985,240.238
233.19,243.309,237.91
233.694,241.722,234.465
235.256,238.228,234.5
238.169,237.797,232.112
239.322,234.41,233.313
242.135,232.671,235.182
241.415,234.961,238.123
241.608,238.182,236.08
238.731,240.702,236.087
238.132,244.081,234.408
236.298,247.308,235.178
235.708,250.857,233.961
237.145,253.287,236.482
238.568,256.786,236.91
240.109,260.159,232.618
237.867,257.091,232.623
239.558,253.912,231.43
239.367,250.131,231.426
241.471,248.591,234.205
242.418,244.931,234.615
243.233,243.407,237.994
243.39,240.193,240.01
240.178,239.532,241.901
240.234,239.502,245.688
238.675,236.628,247.599
237.749,238.572,250.736
239.059,240.014,253.971
241.71,238.138,255.959
241.258,237.728,259.725
243.104,235.34,262.052
241.377,233.651,265.014
242.952,234.088,268.471
243.229,230.41,269.35
244.509,229.094,272.689
243.979,225.905,274.605
242.043,227.481,277.513
240.125,230.376,275.95
236.513,230.747,274.855
234.39,233.579,273.45
230.748,233.91,274.525
228.224,236.314,272.928
226.565,238.802,275.265
223.848,240.35,273.055
221.938,239.14,269.985
220.534,240.392,266.677
217.223,239.489,265.009
217.668,239.431,261.232
215.167,239.063,258.371
216.474,237.962,254.96
214.76,237.165,251.63
214.985,234.189,249.257
213.531,234.133,245.703
212.471,230.926,243.877
210.901,230.302,240.433
207.986,227.91,240.501
206.419,227.89,237.038
206.881,228.996,233.446
204.693,230.021,230.528
202.459,227.379,228.946
202.527,227.328,225.152
200.779,225.546,222.298
201.571,225.38,218.577
199.363,224.955,215.521
201.813,223.059,213.304
200.029,223.649,209.99
199.51,227.332,210.746
203.256,227.739,211.256
204.483,225.625,208.356
201.957,226.334,205.613
199.865,229.34,206.568
196.723,229.287,204.439
198.155,227.376,201.46
196.031,224.31,200.646
198.749,222.718,198.5
201.297,222.911,201.301
198.798,221.271,203.643
198.238,218.403,201.211
202.015,217.993,201.03
202.386,218.179,204.819
199.822,215.41,205.39
202.827,213.052,205.068
204.361,214.358,208.355
201.355,214.356,210.721
202.937,212.023,213.271
205.677,214.554,214.044
203.207,217.377,214.78
201.196,215.075,217.049
204.407,214.075,218.866
205.477,217.714,219.381
202.091,218.656,220.778
202.178,215.703,223.183
205.466,216.947,224.625
204.119,220.501,225.002
200.918,219.348,226.773
203.02,217.358,229.227
204.947,220.531,230.083
201.735,222.529,230.463
200.105,220.17,232.964
203.373,219.944,234.904
203.29,223.712,235.526
199.963,223.502,237.358
201.232,220.528,239.326
204.234,222.626,240.463
202.042,225.467,241.692
199.723,223.037,243.505
202.633,221.361,245.273
204.143,224.622,246.506
201.091,226.636,247.578
198.167,224.23,248.184
199.56,222.1,251.025
196.858,222.929,253.584
193.173,222.813,252.637
191.857,224.84,255.591
191.61,228.53,254.689
192.339,230.153,258.03
191.399,233.75,258.777
193.555,236.104,260.819
191.974,237.317,264.074
190.54,240.84,264.29
192.499,241.561,267.488
196.186,242.056,266.684
197.747,241.375,270.098
200.917,239.44,269.295
203.138,240.639,272.121
204.357,243.751,270.338
205.135,242.141,266.983
203.577,244.046,264.077
202.866,241.912,260.991
200.767,244.537,259.207
203.142,244.705,256.238
202.703,241.026,255.332
199.077,240.577,256.154
196.475,241.248,253.445
195.206,244.791,253.02
191.388,244.547,253.182
190.838,247.709,251.098
192.692,247.139,247.826
190.828,245.239,245.08
193.321,242.396,245.195
193.548,241.212,248.801
197.33,241.374,248.708
199.735,242.487,251.402
201.837,245.613,250.973
205.008,243.627,250.215
203.231,241.443,247.647
201.985,244.594,245.899
205.552,245.937,245.825
206.896,242.631,244.461
204.28,242.369,241.741
204.217,242.403,241.772
205.265,245.787,240.385
208.896,244.737,239.896
208.32,241.983,237.295
206.818,243.096,233.964
204.941,240.335,232.133
205.215,240.228,228.351
201.428,240.402,227.95
198.748,241.293,230.496
195.594,239.299,229.813
194.823,236.424,227.461
192.005,237.879,225.293
193.476,239.665,222.265
190.716,239.832,219.674
191.113,239.576,215.907
189.552,242.99,215.354
191.983,244.509,217.855
194.977,243.941,215.556
193.84,244.285,211.951
196.118,245.964,209.404
198.971,248.118,210.701
198.948,246.792,214.273
199.857,243.306,213.053
203.572,242.65,212.409
204.366,245.642,214.631
203.052,244.24,217.915
204.979,241.066,218.678
202.099,239.14,220.274
199.908,239.421,217.169
202.874,238.443,214.994
203.141,235.318,217.141
199.399,234.579,216.98
199.152,234.837,213.2
201.694,231.967,213.019
200.003,229.49,215.375
201.931,230.259,218.587
199.599,230.663,221.577
200.132,231.149,225.32
197.763,229.357,227.698
196.618,230.851,231.045
197.446,229.199,234.38
194.813,227.327,236.377
195.098,229.352,239.592
194.773,233.117,239.386
196.888,235.55,241.401
194.016,236.029,243.857
193.803,232.321,244.684
197.55,232.157,245.366
197.277,235.234,247.591
194.494,233.481,249.506
196.7,230.421,250.016
199.605,232.503,251.328
197.368,234.442,253.73
196.01,231.15,255.091
199.561,229.893,255.662
200.507,233.11,257.465
197.46,233.094,259.73
198.116,229.469,260.604
201.708,230.117,261.618
201.075,233.197,263.734
198.049,231.82,265.573
199.014,228.16,266.082
202.783,227.831,265.719
203.662,224.561,264
200.677,222.509,265.125
198.564,223.205,262.037
201.097,221.38,259.873
200.727,218.12,261.805
196.954,218.116,262.349
194.43,220.563,263.759
195.643,224.037,264.609
196.063,224.536,268.361
196.1,228.164,269.458
198.903,229.491,271.668
199.993,233.049,272.579
202.607,234.348,270.171
205.241,235.19,272.821
205,231.696,274.303
205.558,230.259,270.833
208.589,232.546,270.448
209.933,231.223,273.75
209.474,227.665,272.46
211.476,228.51,269.349
214.231,230.025,271.504
214.354,226.676,273.299
214.994,225.076,269.895
218.254,226.916,269.243
219.626,226.325,272.737
218.57,229.508,274.566
216.457,229.386,277.705
212.991,230.945,277.744
213.796,233.634,280.279
216.099,235.336,277.764
213.115,235.945,275.487
210.74,236.875,278.29
213.177,239.384,279.786
214.206,240.898,276.422
210.776,240.807,274.748
210.475,244.531,273.945
213.964,244.67,272.444
213.244,241.575,270.354
209.94,242.964,269.052
211.541,246.31,268.165
214.371,244.575,266.302
211.876,242.475,264.327
209.79,245.526,263.37
212.855,247.487,262.278
214.056,244.571,260.141
210.698,244.308,258.381
210.878,248.023,257.674
214.306,247.564,256.109
212.912,244.839,253.83
210.1,247.159,252.752
212.383,250.146,252.121
214.797,247.987,250.133
212.051,246.743,247.821
210.77,250.239,246.959
214.102,251.128,245.382
215.975,242.537,242.915
213.906,239.882,241.149
216.265,238.914,238.325
215.643,235.206,238.875
211.973,235.806,238.077
212.455,238.233,235.199
214.795,235.929,233.276
212.13,233.185,233.02
209.771,235.684,231.365
212.577,236.909,229.105
213.564,233.382,228.043
210.052,232.365,227.056
209.525,235.603,225.118
212.872,235.285,223.333
212.179,231.705,222.23
208.788,232.586,220.726
210.218,235.61,218.899
213.115,233.526,217.546
210.576,231.071,216.103
208.797,233.973,214.394
212.093,235.286,212.966
213.187,231.902,211.582
210.396,232.049,208.968
212.631,234.043,206.572
215.138,231.22,205.954
215.265,229.69,202.47
216.793,226.391,203.654
218.284,226.096,200.177
215.112,226.97,198.242
214.549,229.797,195.77
212.62,231.851,198.346
211.236,231.545,201.866
207.761,232.752,200.8
205.288,230.064,199.727
203.124,232.415,197.671
206.117,233.54,195.633
206.955,229.906,194.784
203.365,228.906,193.993
203.151,231.607,191.377
205.884,231.237,188.738
206.156,227.429,189.296
203.912,224.461,188.454
203.096,221.736,191.028
205.781,219.198,189.997
208.559,221.828,190.226
207.037,223.67,193.179
206.929,220.442,195.205
210.698,220.154,195.63
211.026,223.735,196.896
208.037,223.337,199.226
209.589,220.118,200.529
212.802,221.947,201.45
210.823,224.59,203.339
208.742,221.952,205.148
211.829,220.079,206.344
213.418,223.293,207.622
210.35,224.476,209.537
209.754,221.081,211.155
213.364,221.168,212.339
212.8,224.628,213.884
209.711,223.448,215.782
211.612,220.381,217.013
214.476,222.493,218.368
212.017,224.734,220.216
210.268,221.762,221.847
213.554,220.16,222.969
214.8,223.327,224.661
211.407,223.787,226.321
211.748,220.278,227.792
215.192,220.986,229.26
214.004,224.291,230.755
210.926,222.614,232.252
213.145,220.071,234.003
215.144,222.882,235.623
211.967,224.684,236.767
210.694,221.388,238.186
210.709,221.361,238.167
213.8,220.959,240.341
213.363,224.538,241.588
209.717,223.922,242.483
210.584,220.769,244.42
213.073,222.835,246.417
210.386,225.463,247.052
207.945,222.835,248.338
210.605,221.425,250.689
211.359,224.914,252.024
207.658,225.571,252.582
207.344,222.35,254.584
210.486,222.7,256.663
210.879,226.46,257.196
207.277,227.707,257.377
205.47,224.682,258.853
208.274,223.948,261.321
211.631,224.991,262.726
214.625,223.618,260.852
217.922,222.59,262.424
219.827,221.98,259.185
222.408,224.695,258.628
221.747,227.443,256.041
218.554,225.873,254.69
216.319,228.62,256.082
218.656,231.638,256.091
221.934,232.67,257.713
221.961,232.159,261.472
219.89,230.011,263.79
216.508,229.709,262.115
213.503,231.017,264.038
210.65,231.235,261.52
209.749,231.987,257.914
206.882,233.763,256.135
205.93,233.165,252.473
204.858,235.788,249.948
203.652,235.113,246.415
205.482,236.609,243.446
204.709,236.428,239.721
205.806,232.907,238.703
207.464,232.311,242.057
207.741,232.65,245.802
209.686,234.859,248.22
210.62,233.647,251.711
211.226,235.97,254.669
213.542,234.095,257.057
213.773,235.419,260.621
216.967,234.133,262.273
218.965,234.702,265.468
222.515,236.104,265.265
225.009,236.24,268.19
226.166,239.835,268.549
228.803,240.899,271.12
231.515,238.501,272.249
233.703,238.515,275.336
236.822,236.471,276.118
236.982,234.056,279.049
239.336,231.394,280.318
237.676,227.993,280.415
238.222,224.498,281.785
236.804,221.032,281.066
236.171,219.968,284.674
236.387,220.977,288.34
238.233,218.955,290.997
236.551,219.374,294.386
237.335,216.459,296.735
239.122,214.06,294.465
236.034,214.03,292.239
235.66,215.374,288.703
232.618,217.56,288.016
231.35,218.214,284.495
228.663,220.651,283.316
225.227,219.227,282.646
224.411,221.533,279.734
226.813,224.465,279.954
230.466,225.5,279.965
232.819,226.483,282.809
234.24,230.011,282.478
236.293,232.442,284.537
236.185,236.231,284.65
239.8,236.123,285.849
239.337,235.537,289.571
236.106,233.533,289.942
234.581,230.463,288.291
231.027,230.173,286.936
229.019,227.926,284.618
227.041,229.4,281.728
225.171,228.429,278.568
227.019,228.309,275.286
225.054,230.795,273.168
224.273,233.529,275.712
226.241,234.826,278.667
224.399,234.269,281.961
226.862,233.373,284.723
225.864,231.172,287.648
227.377,229.598,290.74
228.596,226.012,290.376
226.37,223.764,292.487
225.738,220.021,292.667
222.28,220.439,291.105
224.199,222.068,288.271
227.018,219.585,287.449
227.534,215.828,287.574
230.369,213.712,288.977
232.394,211.086,287.141
235.636,209.556,288.365
238.63,211.177,290.027
240.925,214.013,288.92
243.918,212.002,287.664
242.912,211.477,284.017
241.334,214.689,282.629
243.984,216.809,280.929
243.121,220.367,281.963
241.11,220.029,285.171
241.158,222.897,287.695
240.581,223.21,291.436
237.46,224.971,292.723
234.647,224.514,295.235
231.131,223.22,294.498
228.4,224.821,296.647
226.149,221.776,297.271
222.959,223.709,298.209
221.668,221.455,300.982
224.183,221.861,303.793
222.86,225.277,304.95
219.291,223.961,305.081
220.186,220.849,307.08
221.804,223.127,309.674
