X,Y,Z
199.551,119.465,178.561
196.56,120.69,176.473
193.974,119.731,173.802
191.669,121.474,171.28
188.12,121.747,172.763
186.434,121.899,169.283
182.627,122.619,169.292
182.05,121.625,173.001
180.927,123.043,176.396
177.563,124.598,175.372
174.49,124.124,177.594
170.759,124.98,177.616
170.86,128.673,178.784
167.321,128.64,180.32
164.563,126.064,181.068
162.297,127.204,178.146
161.421,124.941,175.191
162.137,126.433,171.72
162.108,124.816,168.251
163.096,125.619,164.632
164.76,128.891,165.832
168.211,130.545,165.917
168.273,132.068,169.431
170.909,134.571,170.655
172.127,134.32,174.277
175.006,135.895,176.249
176.39,133.681,179.054
179.463,131.997,180.613
180.084,129.355,177.853
183.264,127.427,176.901
184.754,129.243,173.824
184.914,127.084,170.666
188.349,125.657,169.709
189.781,126.824,173.102
193.023,125.224,174.375
191.907,123.187,177.435
194.284,121.661,180.032
194.467,117.83,180.145
195.179,115.251,182.912
195.351,111.429,183.521
193.833,109.03,186.127
197.3,108.583,187.833
199.254,109.569,191.024
197.42,114.226,188.951
194.688,116.188,190.859
196.287,119.585,191.837
194.351,122.715,192.949
193.168,124.699,189.896
191.922,128.317,189.71
188.1,128.558,189.211
188.02,132.004,187.453
184.391,132.975,186.486
183.413,129.266,186.022
184.558,125.875,184.672
183.762,123.322,182.018
185.068,119.935,183.226
185.044,116.592,181.391
186.313,113.014,181.631
186.802,109.954,179.432
186.527,106.683,181.333
185.532,102.968,181.351
185.876,102.456,185.177
184.661,105.848,186.72
187.761,106.971,188.73
186.552,110.636,188.903
184.215,110.931,191.895
183.924,114.595,192.911
184.988,118.232,193.198
185.9,120.791,195.903
185.619,124.627,195.612
186.35,127.779,197.691
188.859,130.625,198.241
191.452,128.84,200.506
190.013,125.288,201.089
192.048,124.942,204.364
189.17,125.129,206.951
189.541,128.996,207.156
186.274,129.199,205.07
183.069,127.337,204.23
183.955,125.294,201.104
181.699,123.474,198.614
182.224,119.693,198.189
180.436,117.486,195.601
180.789,113.657,195.555
179.25,110.78,193.543
179.459,107.345,195.319
178.316,105.3,192.228
174.658,105.142,193.502
173.994,108.706,194.87
175.299,112.331,194.898
176.351,113.999,198.213
176.889,117.797,198.467
178.232,119.808,201.476
179.767,123.244,202.324
181.274,122.226,205.719
184.544,123.818,206.973
185.809,120.304,208.033
189.362,119.425,206.847
189.286,116.569,204.331
192.776,115.111,203.6
195.542,117.67,202.724
196.547,115.377,199.785
192.926,114.595,198.763
191.672,111.314,197.235
188.507,109.22,197.85
189.341,106.075,199.903
187.48,103.123,198.269
178.829,123.538,211.327
177.661,122.934,207.69
175.47,125.943,206.609
174.323,123.839,203.596
174.066,120.082,202.843
172.22,118.146,200.072
171.813,114.511,198.845
170.17,113.034,195.69
188.001,106.01,177.854
184.82,104.764,176.037
182.323,106.979,177.972
182.657,110.806,177.996
181.091,112.702,180.933
180.833,116.493,180.386
180.016,119.043,183.15
179.701,122.83,183.614
180.057,124.696,186.947
179.355,128.454,187.597
178.587,130.846,190.527
176.229,133.902,190.085
174.531,136.036,192.846
175.322,133.316,195.468
173.75,130.512,193.32
176.094,127.671,192.233
174.873,125.94,189.029
175.605,122.491,187.492
174.931,121.031,184.001
175.967,117.748,182.315
175.868,115.335,179.354
177.075,111.702,178.906
177.996,109.989,175.578
179.968,107.031,174.174
183.023,108.162,172.091
185.516,106.433,169.712
188.424,108.927,170.275
190.852,107.749,173.038
193.266,110.648,173.917
191.489,113.978,173.156
188.024,115.65,173.369
185.717,114.68,170.419
184.907,116.879,167.402
181.211,117.623,166.572
178.499,119.264,168.713
176.179,118.22,171.583
174.622,120.349,174.404
174.703,119.974,178.228
171.41,119.882,180.207
170.938,121.533,183.67
170.93,119.302,186.811
171.349,121.232,190.116
171.367,124.796,191.541
172.632,125.501,195.107
171.796,128.738,197.123
175.192,128.582,198.94
176.176,132.341,199.024
179.93,131.362,199.203
182.942,133.015,197.473
185.013,130.804,195.068
188.416,131.431,193.367
189.942,127.855,193.49
188.782,124.252,192.905
190.092,120.62,192.907
188.877,117.112,191.767
188.543,113.802,193.711
189.926,110.505,192.367
189.017,106.993,193.626
191.911,105.007,195.252
191.874,101.591,197.035
191.271,107.214,181.838
191.59,111.045,181.585
190.092,114.452,182.509
189.974,117.946,180.991
189.428,121.524,182.267
188.378,124.664,180.354
187.375,128.067,181.758
184.025,129.583,180.77
183.918,133.15,179.357
181.135,135.784,178.955
180.306,135.052,175.277
177.371,135.668,172.978
176.396,132.381,171.295
173.764,131.848,168.568
171.967,128.52,169.26
170.231,126.362,166.602
167.18,124.76,168.242
165.847,122.068,165.841
162.209,120.845,165.33
162.459,118.745,168.576
164.102,121.526,170.709
167.518,119.823,170.543
170.275,122.463,170.352
171.954,120.779,167.321
174.483,123.55,166.487
175.935,126.861,167.777
178.09,129.902,166.764
180.636,131.354,169.25
180.211,134.956,168.053
183.668,136.23,169.192
185.57,133.196,167.692
186.346,134.783,164.272
184.938,137.397,161.79
182.746,134.769,160.09
181.154,134,163.499
180.628,137.759,164.072
178.928,137.823,160.623
176.715,134.762,161.363
175.659,136.334,164.693
175.122,139.793,163.04
172.814,138.236,160.382
171.245,135.794,162.964
171.954,132.955,160.453
174.182,129.83,160.085
174.453,130.265,156.249
175.859,133.572,154.884
175.686,134.672,151.213
178.466,136.303,149.09
178.84,139.945,150.195
180.201,142.548,152.619
178.556,142.777,156.08
178.957,145.628,158.602
179.673,143.733,161.869
180.371,145.482,165.244
182.29,148.821,165.34
186.054,148.402,166.077
187.346,150.694,168.895
190.883,151.155,170.274
190.623,150.467,174.046
192.013,152.792,176.812
195.641,151.813,177.638
195.759,153.489,181.115
193.452,155.469,183.473
194.768,159.036,184.105
193.753,161.282,187.073
194.476,165.043,186.852
193.33,167.076,189.899
194.549,170.375,191.481
197.652,169.765,193.676
196.075,171.472,196.746
197.058,170.054,200.17
194.769,171.609,202.867
192.059,169.401,204.45
188.765,171.374,204.206
187.437,173.238,207.343
184.267,171.059,207.721
184.918,170.947,211.522
184.141,174.72,211.509
180.917,173.922,209.515
179.369,170.993,211.456
180.969,171.456,214.949
180.758,175.234,215.554
179.531,175.823,219.167
176.37,177.765,218.07
174.725,177.997,214.615
173.076,181.187,213.243
169.27,181.757,213.319
167.281,180.821,210.148
166.148,184.462,209.507
169.891,185.357,209.101
171.559,182.021,208.123
175.377,181.923,207.799
177.183,180.967,204.522
180.772,179.633,204.739
182.749,179.529,201.472
184.941,176.425,201.22
187.792,176.752,198.661
191.473,175.77,198.1
191.235,172.382,199.933
190.506,168.599,199.778
187.297,167.173,201.334
186.58,163.48,202.01
182.748,163.521,201.971
182.771,159.952,203.407
183.817,161.54,206.77
180.36,163.195,206.717
178.18,160.613,204.899
179.421,157.513,206.83
178.554,159.221,210.186
175.536,157.953,212.19
175.097,161.6,213.442
172.864,162.805,210.54
169.043,162.363,210.541
169.017,163.118,206.771
171.624,163.617,203.981
169.292,164.141,200.947
171.151,165.187,197.75
170.029,166.754,194.434
171.895,166.594,191.062
174.614,164.414,192.795
174.559,161.145,194.843
176.521,161.248,198.174
178.519,158.057,197.339
179.976,159.802,194.19
181.22,163.07,195.818
184.854,161.858,196.335
185.19,161.038,192.557
184.145,164.569,191.505
185.168,168.239,192.061
184.064,171.859,192.214
185.008,175.567,191.838
183.678,176.315,195.383
181.339,174.761,197.977
179.029,176.915,200.13
177.856,175.619,203.509
174.641,177.322,204.72
174.624,176.711,208.522
171.437,177.356,210.587
168.883,175.837,213.08
165.156,174.983,212.628
162.346,173.11,214.443
162.645,169.347,213.619
159.202,169.395,211.884
160.486,171.94,209.288
163.119,169.726,207.468
160.445,168.976,204.768
160.582,172.659,203.647
164.354,172.478,202.86
164.264,171.163,199.259
164.13,172.686,195.699
160.622,173.964,194.741
159.189,173.816,198.344
156.853,176.414,200.008
155.948,177.6,203.567
157.121,179.867,206.477
160.769,178.924,205.757
160.909,178.003,202.033
158.887,181.068,200.784
160.045,183.432,203.604
163.709,183.062,204.754
165.44,179.984,203.154
164.42,179.711,199.467
166.581,177.137,197.627
166.96,177.319,193.806
164.301,175.22,191.99
167.293,173.376,190.32
169.569,173.168,193.434
172.703,170.942,193.099
174.047,169.643,196.423
172.997,168.151,199.765
170.759,169.033,202.739
172.322,167.555,205.896
170.266,167.816,209.117
170.257,166.403,212.67
168.551,166.724,216.061
170.378,169.295,218.274
168.134,169.294,221.426
171.225,168.354,223.533
173.119,171.442,222.139
170.594,174.191,221.32
167.62,173.891,223.782
167.619,175.906,227.093
163.247,178.192,225.846
166.036,179.319,223.472
163.88,181.921,221.588
167.078,183.372,219.933
166.422,180.908,217.023
164.285,183.558,215.263
162.546,183.213,211.868
161.175,186.074,209.641
164.3,184.671,195.673
166.928,181.835,195.921
169.605,182.408,198.624
167.956,185.67,199.894
168.688,186.563,203.602
165.642,188.081,205.422
167.513,190.745,207.499
153.689,194.634,211.349
156.911,192.644,210.624
157.136,188.758,210.332
159.545,188.19,213.331
158.686,184.856,215.086
160.381,182.411,217.577
160.429,178.813,218.965
160.465,177.832,222.676
163.324,175.286,222.347
163.38,173.496,225.747
165.116,170.102,226.383
161.741,168.479,227.378
160.009,169.297,223.994
160.131,165.267,219.362
159.48,167.389,216.211
159.326,170.538,218.454
163.077,170.101,219.286
165.81,172.195,217.566
167.602,170.609,214.589
170.88,171.801,213.025
171.026,172.066,209.226
174.019,172.339,206.929
173.132,172.782,203.259
176.129,172.082,201.013
175.647,173.934,197.707
178.192,172.875,195.055
179.479,175.314,192.4
179.794,172.46,189.842
180.783,174.715,186.891
183.165,173.761,184.052
185.565,176.426,185.441
188.769,176.304,187.679
188.335,173.736,190.516
189.491,174.426,194.14
187.393,172.076,196.366
188.108,168.427,195.449
187.745,164.837,196.686
190.806,162.914,198.045
191.564,161.286,194.603
195.365,161.002,193.988
196.63,162.427,190.648
198.631,160.238,188.202
201.35,161.414,185.83
200.042,162.83,182.481
200.142,160.679,179.258
200.13,161.995,175.619
199.788,160.655,172.019
198.3,157.334,173.38
194.627,156.309,173.868
193.812,156.608,177.632
190.874,156.767,180.004
191.049,160.105,181.903
189.555,162.155,184.737
190.203,165.949,184.839
188.817,167.58,188.058
185.915,164.992,187.944
185.311,165.135,184.13
185.558,161.451,183.086
186.378,160.616,179.433
188.492,158.457,177.049
190.761,159.688,174.226
194.212,160.568,172.857
195.548,163.609,174.769
197.712,165.88,172.539
199.469,169.285,172.765
197.482,172.116,171.074
197.493,175.686,169.676
194.056,176.501,171.309
194.672,179.846,173.126
192.516,179.488,176.265
191.95,182.862,177.979
193.016,182.775,181.713
189.418,182.248,183.014
188.814,179.163,180.735
189.45,175.553,181.94
187.552,173.364,179.354
186.72,173.733,175.609
183.632,172.252,173.809
182.689,170.628,170.493
179.391,171.31,168.571
177.91,168.272,170.445
178.891,170.004,173.79
181.384,167.12,174.379
184.712,168.364,175.839
187.232,168.949,173.018
190.237,170.359,174.952
191.324,170.89,178.606
193.889,172.938,180.488
195.795,170.433,182.677
194.975,171.525,186.322
198.647,171.174,187.52
200.703,172.305,184.462
198.687,174.963,182.606
199.178,173.596,179.019
196.158,173.083,176.72
195.569,169.423,175.826
193.423,168.741,172.75
191.331,165.55,173.154
190.745,163.242,170.137
188.429,160.178,170.627
190.195,156.77,170.482
190.149,155.41,166.897
186.985,153.647,165.664
185.203,152.356,162.528
182.822,149.649,161.248
184.314,146.144,160.879
182.94,145.19,157.487
183.42,141.442,156.886
183.92,140.326,153.249
182.923,136.734,152.509
182.239,134.516,149.526
179.087,132.499,150.344
179.616,129.883,153.152
178.2,127.435,150.552
181.631,127.795,148.763
184.151,128.754,151.52
184.675,129.685,155.192
187.681,131.925,154.224
187.069,135.629,155.083
188.609,139.132,154.743
188.027,142.16,157.033
187.782,145.888,156.224
188.329,148.344,159.086
186.276,151.231,157.594
188.236,154.548,157.419
190.985,153.118,159.745
194.694,153.38,158.854
196.606,150.031,158.976
199.15,151.517,161.476
196.277,151.862,164.068
194.88,148.256,163.927
197.938,140.043,153.92
197.375,143.792,154.78
196.316,146.436,152.191
195.472,150.136,152.762
192.41,151.004,150.647
190.892,154.551,150.79
187.771,152.788,152.185
189.911,151.583,155.173
192.54,149.008,156.14
191.73,145.69,154.381
193.144,142.508,155.989
193.048,138.866,154.778
192.552,139.775,151.064
195.551,139.666,148.663
196.055,142.913,146.683
196.14,142.035,142.942
197.5,144.24,140.081
194.977,142.805,137.558
191.439,144.275,137.272
188.113,142.386,137.009
184.358,143.088,137.146
183.27,143.998,140.695
182.244,140.923,142.768
182.03,142.369,146.323
182.22,146.223,146.399
184.634,147.599,149.06
184.599,151.313,148.058
186.826,153.946,146.386
187.155,151.783,143.215
188.226,148.598,145.106
186.362,145.257,144.919
187.067,141.729,146.211
186.457,138.179,144.902
187.364,134.546,145.711
189.97,133.433,143.076
193.173,131.288,142.711
194.4,127.049,145.85
191.441,129.527,146.043
191.892,132.786,148.055
190.21,136.186,148.665
191.743,138.866,146.375
191.253,142.659,146.301
191.601,144.667,143.066
190.693,147.973,141.37
187.409,147.28,139.529
187.373,147.154,135.717
184.735,149.508,134.242
184.707,147.475,130.972
187.089,146.553,128.13
188.787,149.57,126.467
187.688,150.194,122.838
189.063,152.524,120.146
186.03,153.211,117.911
187.608,153.184,114.397
186.52,156.801,113.636
187.551,158.78,110.604
185.81,161.617,108.736
184.835,159.143,105.906
184.525,155.647,107.527
181.176,154.03,108.452
180.368,150.597,109.902
177.055,149.036,108.708
175.742,145.778,110.32
175.37,143.039,107.662
173.281,140.751,109.941
171.281,140.924,113.236
170.235,138.927,116.279
166.769,138.867,117.854
167.535,139.344,121.537
164.839,138.433,124.049
165.727,140.002,127.408
163.931,139.587,130.735
163.004,142.64,132.824
161.552,141.945,136.279
159.495,144.671,138.024
157.821,144.704,141.46
154.124,145.672,141.151
152.68,144.99,144.607
153.698,143.886,148.084
152.002,141.751,150.77
148.852,143.594,152.004
149.503,143.559,155.766
147.03,144.886,158.319
147.888,145.315,162.019
145.209,145.636,164.671
147.332,148.063,166.724
145.255,147.374,169.895
145.935,143.609,169.677
149.622,144.201,168.744
150.217,146.756,171.547
147.888,145.266,174.219
147.278,141.545,173.386
143.646,141.378,174.715
144.469,143.107,178.058
141.57,145.468,178.931
143.904,147.284,181.387
146.358,148.076,178.577
143.49,148.858,176.138
142.232,151.593,178.536
145.773,153.085,178.854
146.056,153.044,175.025
142.979,155.396,174.89
145.123,158.109,176.614
147.113,158.269,173.309
144.034,159.253,171.23
143.931,158.602,167.464
147.508,157.212,167.059
146.046,153.694,166.815
143.285,154.586,164.251
145.691,156.58,162.003
148.164,153.596,161.955
145.272,151.363,160.744
144.289,154.125,158.216
147.872,154.273,156.845
148.133,150.443,156.494
144.65,150.404,154.844
145.833,153.04,152.304
148.997,150.951,151.643
146.863,147.778,151.255
144.282,149.419,148.919
147.04,150.843,146.678
148.476,147.292,146.205
145.228,146.318,144.462
145.339,149.651,142.545
148.992,149.063,141.49
148.092,145.555,140.297
144.961,146.806,138.446
146.979,149.594,136.711
149.572,147.098,135.369
147.396,144.146,134.3
143.849,145.514,133.67
145.111,147.595,130.663
143.176,145.187,128.384
139.406,145.933,128.223
138.319,142.447,126.984
139.751,138.991,127.765
141.237,138.15,124.372
141.984,134.486,123.577
144.358,132.901,121.049
142.929,130.808,118.102
142.87,126.952,118.149
145.447,126.954,115.261
148.806,128.644,116.148
149.559,129.801,112.533
152.112,132.529,113.591
154.568,132.185,110.65
157.113,130.065,112.634
157.23,132.051,115.912
156.454,129.762,118.888
154.726,131.398,121.886
153.72,128.008,123.489
156.136,128.512,126.434
154.644,132.009,127.226
150.948,131.297,126.324
148.597,129.493,128.833
148.753,125.73,129.446
145.2,124.277,130.034
146.8,121.239,131.804
147.441,123.34,134.991
144.787,124.199,137.694
145.836,127.867,137.371
146.371,128.241,133.581
149.824,129.905,133.779
152.287,129.54,130.899
155.435,127.365,131.126
157.557,130.488,131.917
154.937,131.821,134.411
155.256,128.426,136.23
159.099,128.817,136.354
158.677,132.4,137.69
156.124,131.241,140.314
158.496,128.41,141.438
161.661,130.636,141.709
160.091,133.206,144.16
159.25,131.802,147.648
151.152,136.607,162.912
149.035,135.762,166.002
149.53,139.286,167.482
147.018,141.469,165.536
149.316,141.175,162.457
147.344,139.75,159.473
147.867,139.306,155.704
144.967,140.235,153.408
144.597,138.52,149.98
145.027,140.558,146.747
141.81,141.463,144.881
143.011,139.772,141.663
143.943,136.115,142.348
147.08,134.818,140.554
144.682,133.025,138.132
143.02,136.397,137.305
146.488,137.988,136.88
147.268,135.075,134.503
143.987,135.712,132.557
145.047,139.361,132.18
148.616,138.456,131.032
146.969,135.857,128.732
144.603,138.514,127.268
147.411,141.101,126.93
149.558,138.429,125.238
146.772,137.01,122.993
145.797,140.568,121.952
149.496,141.342,121.279
150.028,138.181,119.151
146.76,138.297,117.159
146.34,142.079,116.654
149.628,143.991,117.178
149.468,147.37,118.949
145.879,147.898,117.682
144.109,146.46,120.791
145.623,149.346,122.86
144.205,152.089,120.56
140.659,150.657,120.045
139.231,147.26,119.064
141.772,144.462,118.481
142.258,144.385,114.681
143.554,140.958,113.579
146.809,140.931,111.531
149.044,137.92,110.586
151.993,137.702,113.049
154.652,137.885,110.286
152.945,141.105,109.017
152.814,142.539,112.535
156.56,141.795,112.888
157.094,143.553,109.518
155.458,146.657,111.081
157.785,146.214,114.127
160.76,146.198,111.654
159.609,149.485,110.008
159.234,150.938,113.558
163.05,150.501,114.053
163.974,151.87,110.589
164.696,148.392,109.117
162.952,147.989,105.736
160.276,145.277,106.116
161.546,143.066,103.26
164.427,142.293,105.691
161.859,140.415,107.824
160.037,138.571,105.028
163.355,137.59,103.392
164.819,136.388,106.744
161.524,135.203,108.3
162.549,131.607,109.173
165.889,132.826,110.624
164.131,135.566,112.7
161.542,133.011,113.928
164.357,130.54,114.887
166.345,133.308,116.681
163.152,134.255,118.607
162.334,130.587,119.443
165.971,129.989,120.575
165.981,133.18,122.705
162.734,131.993,124.432
164.482,128.6,124.962
167.457,130.429,126.608
164.947,132.188,128.93
163.537,128.79,130.043
167.091,127.454,130.638
168.127,130.639,132.525
164.947,130.588,134.693
165.288,126.794,135.346
169.03,126.945,136.266
169.651,130.376,137.84
168.199,131.769,141.121
169.77,135.309,140.978
167.425,136.453,138.126
164.266,136.875,140.335
166.218,138.995,142.903
163.988,142.135,142.565
160.809,140.177,143.487
162.488,137.918,146.053
163.963,141.026,147.775
160.442,142.585,147.967
159.19,139.326,149.588
162.245,139.272,151.919
161.932,142.98,152.943
158.251,142.552,153.91
158.999,139.288,155.811
162.001,140.976,157.574
159.763,143.964,158.495
157.049,141.692,160.023
159.659,139.546,161.858
161.226,142.778,163.244
157.744,143.947,164.358
156.998,140.545,166.046
160.465,140.334,167.699
159.919,143.841,169.167
157.17,142.259,171.369
160.061,140.545,173.26
161.552,143.968,174.248
161.157,145.374,177.785
161.509,149.08,176.815
162.465,149.448,180.542
159.407,147.569,181.934
159.957,144.721,184.5
159.005,142.203,181.735
158.386,142.001,177.974
155.254,139.949,178.86
152.136,142.015,179.579
150.578,139.125,181.579
153.664,139.055,183.924
153.091,142.742,184.741
149.333,142.212,185.305
149.833,138.985,187.37
152.731,140.406,189.527
151.77,144.091,190.052
148.682,145.861,191.448
147.135,148.543,189.183
148.922,151.71,190.466
152.342,149.989,189.942
151.29,147.953,186.866
150.063,150.986,184.842
153.591,152.559,184.997
155.177,149.38,183.532
152.391,148.91,180.935
152.874,152.529,179.787
156.592,151.717,179.02
155.425,148.752,176.898
152.678,150.892,175.225
155.253,153.653,174.523
157.819,151.26,172.994
155.287,149.061,171.094
153.536,152.161,169.705
156.955,153.609,168.663
157.805,150.159,167.161
154.52,150.072,165.214
154.928,153.745,164.078
158.434,152.78,162.827
156.972,149.792,160.926
154.1,151.809,159.352
156.471,154.694,158.419
158.92,152.338,156.673
155.976,150.53,154.967
154.692,153.952,153.705
158.182,154.722,152.282
158.442,151.142,150.837
154.893,151.387,149.382
155.904,154.654,147.632
158.879,152.737,146.116
156.593,149.828,145.021
154.136,152.409,143.547
156.993,154.029,141.579
157.848,150.509,140.282
154.148,149.768,139.523
153.811,153.104,137.626
156.935,152.083,135.672
155.482,148.581,135.022
152.161,150.176,133.957
154.124,152.438,131.54
156.161,149.439,130.205
152.855,147.614,129.706
151.361,150.48,127.676
154.461,151.486,125.677
156.016,148.066,124.975
153.242,145.43,125.208
150.391,147.619,123.848
152.927,149.558,121.678
156.431,149.674,120.259
158.645,152.179,122.105
161.12,154.562,120.384
162.512,155.387,123.882
166.132,154.106,123.889
166.76,151.299,126.441
163.209,151.656,127.864
162.293,148.104,126.785
165.55,146.118,126.699
168.852,146.989,124.966
168.712,146.992,121.152
165.942,148.524,119.044
162.605,147.432,120.618
160.407,145.119,118.521
157.814,144.009,121.126
157.357,142.893,124.758
155.395,140.034,126.296
154.092,140.266,129.892
154.395,137.245,132.201
153.006,137.292,135.74
155.282,136.635,138.743
154.783,136.699,142.568
154.178,140.392,143.506
155.406,141.539,140.066
155.517,141.428,136.288
158.161,140.096,133.936
158.56,141.606,130.472
160.199,139.502,127.784
161.515,142.394,125.695
162.118,141.285,122.094
164.717,143.629,120.528
166.636,143.815,117.25
170.392,143.921,117.96
172.649,144.546,114.901
175.394,141.892,114.943
177.977,141.695,112.057
179.593,145.046,111.198
181.497,145.646,107.995
183.51,148.835,107.303
182.822,151.087,104.305
183.961,154.431,102.933
181.04,156.925,103.208
179.994,160.317,101.785
177.495,162.963,103.054
176.311,163.692,99.48
177.196,162.841,95.827
177.95,165.133,92.843
176.316,164.289,89.512
175.526,167.038,86.888
177.006,169.614,89.357
173.907,168.778,91.513
174.565,167.558,95.073
172.427,164.43,95.756
171.52,163.234,99.296
169.904,159.843,100.23
166.091,159.968,100.92
166.502,157.087,103.373
169.845,155.631,104.495
173.543,156.305,103.745
175.936,156.437,100.8
178.626,153.73,101.184
181.367,152.193,99.065
182.813,148.67,98.936
186.051,150.284,97.559
185.202,150.521,93.81
181.4,151.158,93.664
178.943,153.465,95.497
175.615,152.262,96.965
172.842,153.545,99.227
171.697,151.366,102.199
169.336,151.734,105.157
171.229,152.709,108.344
170.588,149.569,110.49
171.117,146.706,107.952
173.542,146.479,105.004
171.557,146.176,101.731
173.514,147.826,98.824
171.114,149.536,96.383
172.296,151.271,93.155
172.183,155.083,93.562
169.344,156.636,91.53
167.172,159.764,91.304
164.45,157.688,93.116
166.458,156.88,96.317
168.14,160.373,96.358
167.064,164.054,96.41
169.026,167.068,95.048
169.885,170.253,96.895
172.041,172.887,95.175
175.517,172.676,93.615
178.532,170.6,94.791
180.759,173.439,96.152
178.856,174.005,99.45
179.18,170.438,100.891
182.239,169.397,102.991
183.381,165.958,101.705
180.96,165.431,98.774
182.166,162.651,96.356
181.869,162.289,92.553
179.796,159.297,91.353
177.166,158.716,88.617
173.517,158.783,89.781
171.391,156.585,87.502
168.09,157.945,86.085
165.51,155.066,86.006
163.456,156.966,83.354
166.386,157.06,80.813
165.888,153.724,78.877
162.074,154.181,79.102
162.425,157.497,77.156
164.996,156.002,74.704
162.731,153.11,73.505
