Coord_Index,6acd,7krq,7lwt,7lws,7lww,7lyn,6zgh,6zge,6zgi,6xkl,7lyl,7kdk,6zgg,7m8k,7mjg
0,18,14,27,27,27,27,14,14,14,27,27,27,14,27,14
1,19,15,28,28,28,28,15,15,15,28,28,28,15,28,15
2,20,16,29,29,29,29,16,16,16,29,29,29,16,29,16
3,21,17,30,30,30,30,17,17,17,30,30,30,17,30,17
4,22,18,31,31,31,31,18,18,18,31,31,31,18,31,18
5,23,19,32,32,32,32,19,19,19,32,32,32,19,32,19
6,24,20,33,33,33,33,20,20,20,33,33,33,20,33,20
7,25,21,34,34,34,34,21,21,21,34,34,34,21,34,21
8,26,22,35,35,35,35,22,22,22,35,35,35,22,35,22
9,27,23,36,36,36,36,23,23,23,36,36,36,23,36,23
10,28,24,37,37,37,37,24,24,24,37,37,37,24,37,24
11,29,25,38,38,38,38,25,25,25,38,38,38,25,38,25
12,30,26,39,39,39,39,26,26,26,39,39,39,26,39,26
13,31,27,40,40,40,40,27,27,27,40,40,40,27,40,27
14,32,28,41,41,41,41,28,28,28,41,41,41,28,41,28
15,33,29,42,42,42,42,29,29,29,42,42,42,29,42,29
16,34,30,43,43,43,43,30,30,30,43,43,43,30,43,30
17,35,31,44,44,44,44,31,31,31,44,44,44,31,44,31
18,36,32,45,45,45,45,32,32,32,45,45,45,32,45,32
19,37,33,46,46,46,46,33,33,33,46,46,46,33,46,33
20,38,34,47,47,47,47,34,34,34,47,47,47,34,47,34
21,39,35,48,48,48,48,35,35,35,48,48,48,35,48,35
22,40,36,49,49,49,49,36,36,36,49,49,49,36,49,36
23,41,37,50,50,50,50,37,37,37,50,50,50,37,50,37
24,42,38,51,51,51,51,38,38,38,51,51,51,38,51,38
25,43,39,52,52,52,52,39,39,39,52,52,52,39,52,39
26,44,40,53,53,53,53,40,40,40,53,53,53,40,53,40
27,45,41,54,54,54,54,41,41,41,54,54,54,41,54,41
28,46,42,55,55,55,55,42,42,42,55,55,55,42,55,42
29,47,43,56,56,56,56,43,43,43,56,56,56,43,56,43
30,48,44,57,57,57,57,44,44,44,57,57,57,44,57,44
31,49,45,58,58,58,58,45,45,45,58,58,58,45,58,45
32,50,46,59,59,59,59,46,46,46,59,59,59,46,59,46
33,51,47,60,60,60,60,47,47,47,60,60,60,47,60,47
34,52,48,61,61,61,61,48,48,48,61,61,61,48,61,48
35,53,49,62,62,62,62,49,49,49,62,62,62,49,62,49
36,54,50,63,63,63,63,50,50,50,63,63,63,50,63,50
37,55,51,64,64,64,64,51,51,51,64,64,64,51,64,51
38,56,52,65,65,65,65,52,52,52,65,65,65,52,65,52
39,57,53,66,66,66,66,53,53,53,66,66,66,53,66,53
40,58,54,67,67,67,67,54,54,54,79,67,67,54,67,54
41,59,55,68,68,68,68,55,55,55,80,68,68,55,68,55
42,60,56,82,80,69,69,56,56,56,81,69,69,56,69,56
43,61,57,83,81,82,82,57,57,57,82,80,80,57,80,57
44,62,58,84,82,83,83,58,58,58,83,81,81,58,81,58
45,63,59,85,83,84,84,59,59,59,84,82,82,59,82,59
46,64,60,86,84,85,85,60,60,60,85,83,83,60,83,60
47,65,61,87,85,86,86,61,61,61,86,84,84,61,84,61
48,66,62,88,86,87,87,62,62,62,87,85,85,62,85,62
49,67,63,89,87,88,88,63,63,63,88,86,86,63,86,63
50,68,64,90,88,89,89,64,64,64,89,87,87,64,87,64
51,69,65,91,89,90,90,65,65,65,90,88,88,65,88,65
52,70,66,92,90,91,91,66,66,66,91,89,89,66,89,66
53,71,67,93,91,92,92,67,67,67,92,90,90,67,90,67
54,72,68,94,92,93,93,68,68,68,93,91,91,68,91,68
55,73,69,95,93,94,94,69,69,69,94,92,92,69,92,69
56,74,77,96,94,95,95,70,70,70,95,93,93,70,93,77
57,75,78,97,95,96,96,76,76,76,99,94,94,76,94,78
58,76,79,98,96,97,97,77,77,77,100,95,95,77,95,79
59,77,80,99,97,98,98,78,78,78,101,96,96,78,96,80
60,78,81,100,98,99,99,79,79,79,102,97,97,79,97,81
61,79,82,101,99,100,100,80,80,80,103,98,98,80,98,82
62,80,83,102,100,101,101,81,81,81,104,99,99,81,99,83
63,81,84,103,101,102,102,82,82,82,105,100,100,82,100,84
64,82,85,104,102,103,103,83,83,83,106,101,101,83,101,85
65,83,86,105,103,104,104,84,84,84,107,102,102,84,102,86
66,84,87,106,104,105,105,85,85,85,108,103,103,85,103,87
67,85,88,107,105,106,106,86,86,86,109,104,104,86,104,88
68,86,89,108,106,107,107,87,87,87,110,105,105,87,105,89
69,87,90,109,107,108,108,88,88,88,111,106,106,88,106,90
70,88,91,110,108,109,109,89,89,89,112,107,107,89,107,91
71,89,92,111,109,110,110,90,90,90,113,108,108,90,108,92
72,90,93,112,110,111,111,91,91,91,114,109,109,91,109,93
73,91,94,113,111,112,112,92,92,92,115,110,110,92,110,94
74,92,95,114,112,113,113,93,93,93,116,111,111,93,111,95
75,93,96,115,113,114,114,94,94,94,117,112,112,94,112,96
76,94,97,116,114,115,115,95,95,95,118,113,113,95,113,97
77,95,98,117,115,116,116,96,96,96,119,114,114,96,114,98
78,96,99,118,116,117,117,97,97,97,120,115,115,97,115,99
79,97,100,119,117,118,118,98,98,98,121,116,116,98,116,100
80,98,101,120,118,119,119,99,99,99,122,117,117,99,117,101
81,99,102,121,119,120,120,100,100,100,123,118,118,100,118,102
82,100,103,122,120,121,121,101,101,101,124,119,119,101,119,103
83,101,104,123,121,122,122,102,102,102,125,120,120,102,120,104
84,102,105,124,122,123,123,103,103,103,126,121,121,103,121,105
85,103,106,125,123,124,124,104,104,104,127,122,122,104,122,106
86,104,107,126,124,125,125,105,105,105,128,123,123,105,123,107
87,105,108,127,125,126,126,106,106,106,129,124,124,106,124,108
88,106,109,128,126,127,127,107,107,107,130,125,125,107,125,109
89,107,110,129,127,128,128,108,108,108,131,126,126,108,126,110
90,108,111,130,128,129,129,109,109,109,132,127,127,109,127,111
91,109,112,131,129,130,130,110,110,110,133,128,128,110,128,112
92,110,113,132,130,131,131,111,111,111,134,129,129,111,129,113
93,111,114,133,131,132,132,112,112,112,135,130,130,112,130,114
94,112,115,134,132,133,133,113,113,113,136,131,131,113,131,115
95,113,116,135,133,134,134,114,114,114,137,132,132,114,132,116
96,114,117,136,134,135,135,115,115,115,138,133,133,115,133,117
97,115,118,137,135,136,136,116,116,116,139,134,134,116,134,118
98,116,119,138,136,137,137,117,117,117,140,135,135,117,135,119
99,117,120,139,137,138,138,118,118,118,141,136,136,118,136,120
100,118,121,140,138,139,139,119,119,119,142,137,137,119,137,121
101,119,122,141,139,140,140,120,120,120,156,138,138,120,138,122
102,120,123,142,140,141,141,121,121,121,157,139,139,121,139,123
103,121,124,143,141,142,142,122,122,122,158,140,140,122,140,124
104,122,125,165,142,143,143,123,123,123,159,141,141,123,141,125
105,123,126,166,143,165,165,124,124,124,160,142,142,124,142,126
106,124,127,167,165,166,166,125,125,125,161,143,143,125,143,127
107,125,128,168,166,167,167,126,126,126,162,165,165,126,159,128
108,126,129,169,167,168,168,127,127,127,163,166,166,127,160,129
109,127,130,170,168,169,169,128,128,128,164,167,167,128,161,130
110,128,131,171,169,170,170,129,129,129,165,168,168,129,162,131
111,129,132,172,170,171,171,130,130,130,166,169,169,130,163,132
112,130,133,186,171,172,172,131,131,131,167,170,170,131,164,133
113,131,134,187,172,186,186,132,132,132,168,171,171,132,165,134
114,132,135,188,186,187,187,133,133,133,169,172,172,133,166,135
115,133,136,189,187,188,188,134,134,134,170,186,186,134,167,136
116,134,137,190,188,189,189,135,135,135,171,187,187,135,168,137
117,135,138,191,189,190,190,136,136,136,172,188,188,136,169,138
118,136,139,192,190,191,191,137,137,137,173,189,189,137,170,139
119,137,140,193,191,192,192,138,138,138,174,190,190,138,171,140
120,138,141,194,192,193,193,139,139,139,175,191,191,139,172,141
121,139,142,195,193,194,194,140,140,140,176,192,192,140,173,142
122,140,143,196,194,195,195,141,141,141,187,193,193,141,186,143
123,141,144,197,195,196,196,142,142,142,188,194,194,142,187,144
124,142,145,198,196,197,197,143,143,143,189,195,195,143,188,145
125,143,146,199,197,198,198,144,144,144,190,196,196,144,189,153
126,144,147,200,198,199,199,145,145,145,191,197,197,145,190,154
127,145,148,201,199,200,200,146,146,146,192,198,198,146,191,155
128,146,149,202,200,201,201,147,147,147,193,199,199,147,192,156
129,147,150,203,201,202,202,148,148,148,194,200,200,148,193,157
130,148,151,204,202,203,203,149,149,149,195,201,201,149,194,158
131,149,152,205,203,204,204,150,150,150,196,202,202,150,195,159
132,150,153,206,204,205,205,151,151,151,197,203,203,151,196,160
133,151,154,207,205,206,206,152,152,152,198,204,204,152,197,161
134,152,155,208,206,207,207,153,153,153,199,205,205,153,198,162
135,153,156,209,207,208,208,154,154,154,200,206,206,154,199,163
136,154,157,210,208,209,209,155,155,155,201,207,207,155,200,164
137,155,158,211,209,210,210,156,156,156,202,208,208,156,201,165
138,156,159,212,210,211,211,157,157,157,203,209,209,157,202,166
139,157,160,213,211,212,212,158,158,158,204,210,210,158,203,167
140,158,161,214,212,213,213,159,159,159,205,211,211,159,204,168
141,159,162,215,213,214,214,160,160,160,206,212,212,160,205,169
142,160,163,216,214,215,215,161,161,161,207,213,213,161,206,170
143,161,164,217,215,216,216,162,162,162,208,214,214,162,207,171
144,162,165,218,216,217,217,163,163,163,209,215,215,163,208,172
145,163,166,219,217,218,218,164,164,164,210,216,216,164,209,173
146,164,167,220,218,219,219,165,165,165,211,217,217,165,210,174
147,165,168,221,219,220,220,166,166,166,212,218,218,166,211,175
148,166,169,222,220,221,221,167,167,167,213,219,219,167,212,176
149,167,170,223,221,222,222,168,168,168,214,220,220,168,213,185
150,168,171,224,222,223,223,169,169,169,215,221,221,169,214,186
151,169,172,225,223,224,224,170,170,170,216,222,222,170,215,187
152,170,173,226,224,225,225,171,171,171,217,223,223,171,216,188
153,171,174,227,225,226,226,172,172,172,218,224,224,172,217,189
154,172,175,228,226,227,227,173,173,173,219,225,225,173,218,190
155,173,176,229,227,228,228,174,174,174,220,226,226,174,219,191
156,174,177,230,228,229,229,175,175,175,221,227,227,175,220,192
157,175,178,231,229,230,230,176,176,176,222,228,228,176,221,193
158,176,179,232,230,231,231,177,177,177,223,229,229,177,222,194
159,177,180,233,231,232,232,178,178,178,224,230,230,178,223,195
160,178,181,234,232,233,233,179,179,179,225,231,231,179,224,196
161,179,182,235,233,234,234,180,180,180,226,232,232,180,225,197
162,180,183,236,234,235,235,181,181,181,227,233,233,181,226,198
163,181,184,237,235,236,236,182,182,182,228,234,234,182,227,199
164,182,185,238,236,237,237,183,183,183,229,235,235,183,228,200
165,183,186,239,237,238,238,184,184,184,230,236,236,184,229,201
166,184,187,240,238,239,239,185,185,185,231,237,237,185,230,202
167,185,188,241,239,240,240,186,186,186,232,238,238,186,231,203
168,186,189,242,240,241,241,187,187,187,233,239,239,187,232,204
169,187,190,263,241,242,242,188,188,188,234,240,240,188,233,205
170,188,191,264,242,263,263,189,189,189,235,241,241,189,234,206
171,189,192,265,243,264,264,190,190,190,236,242,242,190,235,207
172,190,193,266,244,265,265,191,191,191,237,243,243,191,236,208
173,191,194,267,245,266,266,192,192,192,238,244,244,192,237,209
174,192,195,268,263,267,267,193,193,193,239,245,245,193,238,210
175,193,196,269,264,268,268,194,194,194,240,263,263,194,239,211
176,194,197,270,265,269,269,195,195,195,241,264,264,195,240,212
177,195,198,271,266,270,270,196,196,196,242,265,265,196,241,213
178,196,199,272,267,271,271,197,197,197,243,266,266,197,242,214
179,197,200,273,268,272,272,198,198,198,244,267,267,198,243,215
180,198,201,274,269,273,273,199,199,199,245,268,268,199,244,216
181,199,202,275,270,274,274,200,200,200,246,269,269,200,245,217
182,200,203,276,271,275,275,201,201,201,261,270,270,201,246,218
183,201,204,277,272,276,276,202,202,202,262,271,271,202,247,219
184,202,205,278,273,277,277,203,203,203,263,272,272,203,248,220
185,203,206,279,274,278,278,204,204,204,264,273,273,204,249,221
186,204,207,280,275,279,279,205,205,205,265,274,274,205,250,222
187,205,208,281,276,280,280,206,206,206,266,275,275,206,264,223
188,206,209,282,277,281,281,207,207,207,267,276,276,207,265,224
189,207,210,283,278,282,282,208,208,208,268,277,277,208,266,225
190,208,211,284,279,283,283,209,209,209,269,278,278,209,267,226
191,209,212,285,280,284,284,210,210,210,270,279,279,210,268,227
192,210,213,286,281,285,285,211,211,211,271,280,280,211,269,228
193,211,214,287,282,286,286,212,212,212,272,281,281,212,270,229
194,212,215,288,283,287,287,213,213,213,273,282,282,213,271,230
195,213,216,289,284,288,288,214,214,214,274,283,283,214,272,231
196,214,217,290,285,289,289,215,215,215,275,284,284,215,273,232
197,215,218,291,286,290,290,216,216,216,276,285,285,216,274,233
198,216,219,292,287,291,291,217,217,217,277,286,286,217,275,234
199,217,220,293,288,292,292,218,218,218,278,287,287,218,276,235
200,218,221,294,289,293,293,219,219,219,279,288,288,219,277,236
201,219,222,295,290,294,294,220,220,220,280,289,289,220,278,237
202,220,223,296,291,295,295,221,221,221,281,290,290,221,279,238
203,221,224,297,292,296,296,222,222,222,282,291,291,222,280,239
204,222,225,298,293,297,297,223,223,223,283,292,292,223,281,240
205,223,226,299,294,298,298,224,224,224,284,293,293,224,282,241
206,224,227,300,295,299,299,225,225,225,285,294,294,225,283,242
207,225,228,301,296,300,300,226,226,226,286,295,295,226,284,243
208,226,229,302,297,301,301,227,227,227,287,296,296,227,285,244
209,227,230,303,298,302,302,228,228,228,288,297,297,228,286,245
210,228,231,304,299,303,303,229,229,229,289,298,298,229,287,246
211,229,232,305,300,304,304,230,230,230,290,299,299,230,288,247
212,230,233,306,301,305,305,231,231,231,291,300,300,231,289,257
213,231,234,307,302,306,306,232,232,232,292,301,301,232,290,258
214,232,235,308,303,307,307,233,233,233,293,302,302,233,291,259
215,233,236,309,304,308,308,234,234,234,294,303,303,234,292,260
216,234,237,310,305,309,309,235,235,235,295,304,304,235,293,261
217,235,238,311,306,310,310,236,236,236,296,305,305,236,294,262
218,236,239,312,307,311,311,237,237,237,297,306,306,237,295,263
219,237,240,313,308,312,312,238,238,238,298,307,307,238,296,264
220,238,241,314,309,313,313,239,239,239,299,308,308,239,297,265
221,239,242,315,310,314,314,240,240,240,300,309,309,240,298,266
222,244,243,316,311,315,315,241,241,241,301,310,310,241,299,267
223,245,244,317,312,316,316,242,242,242,302,311,311,242,300,268
224,246,254,318,313,317,317,243,243,243,303,312,312,243,301,269
225,247,255,319,314,318,318,244,244,244,304,313,313,244,302,270
226,248,256,320,315,319,319,245,245,245,305,314,314,245,303,271
227,249,257,321,316,320,320,246,246,246,306,315,315,246,304,272
228,250,258,322,317,321,321,247,247,247,307,316,316,247,305,273
229,251,259,323,318,322,322,248,248,248,308,317,317,248,306,274
230,252,260,324,319,323,323,249,249,249,309,318,318,249,307,275
231,253,261,325,320,324,324,250,250,250,310,319,319,250,308,276
232,254,262,326,321,325,325,251,251,251,311,320,320,251,309,277
233,255,263,327,322,326,326,252,252,252,312,321,321,252,310,278
234,256,264,328,323,327,327,253,253,253,313,322,322,253,311,279
235,257,265,329,324,328,328,254,254,254,314,323,323,254,312,280
236,258,266,330,325,329,329,255,255,255,315,324,324,255,313,281
237,259,267,331,326,330,330,256,256,256,316,325,325,256,314,282
238,260,268,332,327,331,331,257,257,257,317,326,326,257,315,283
239,261,269,333,328,332,332,258,258,258,318,327,327,258,316,284
240,262,270,334,329,333,333,259,259,259,319,328,328,259,317,285
241,263,271,335,330,334,334,260,260,260,320,329,329,260,318,286
242,264,272,336,331,335,335,261,261,261,321,330,330,261,319,287
243,265,273,337,332,336,336,262,262,262,322,331,331,262,320,288
244,266,274,338,334,337,337,263,263,263,323,332,332,263,321,289
245,267,275,339,335,338,338,264,264,264,324,334,333,264,322,290
246,268,276,340,336,339,339,265,265,265,325,335,334,265,323,291
247,269,277,341,337,340,340,266,266,266,326,336,335,266,324,292
248,270,278,342,338,341,341,267,267,267,327,337,336,267,325,293
249,271,279,343,339,342,342,268,268,268,328,338,337,268,326,294
250,272,280,344,340,343,343,269,269,269,329,339,338,269,327,295
251,273,281,345,341,344,344,270,270,270,330,340,339,270,328,296
252,274,282,346,342,345,345,271,271,271,331,341,340,271,329,297
253,275,283,347,343,346,346,272,272,272,332,342,341,272,330,298
254,276,284,348,344,347,347,273,273,273,333,343,342,273,331,299
255,277,285,349,345,348,348,274,274,274,334,344,343,274,332,300
256,278,286,350,346,349,349,275,275,275,335,345,344,275,333,301
257,279,287,351,347,350,350,276,276,276,336,346,345,276,334,302
258,280,288,352,348,351,351,277,277,277,337,347,346,277,335,303
259,281,289,353,349,352,352,278,278,278,338,348,347,278,336,304
260,282,290,354,350,353,353,279,279,279,339,349,348,279,337,305
261,283,291,355,351,354,354,280,280,280,340,350,349,280,338,306
262,284,292,356,352,355,355,281,281,281,341,351,350,281,339,307
263,285,293,357,353,356,356,282,282,282,342,352,351,282,340,308
264,286,294,358,354,357,357,283,283,283,343,353,352,283,341,309
265,287,295,359,355,358,358,284,284,284,344,354,353,284,342,310
266,288,296,360,356,359,359,285,285,285,345,355,354,285,343,311
267,289,297,361,357,360,360,286,286,286,346,356,355,286,344,312
268,290,298,362,358,361,361,287,287,287,347,357,356,287,345,313
269,291,299,363,359,362,362,288,288,288,348,358,357,288,346,314
270,292,300,364,360,363,363,289,289,289,349,359,358,289,347,315
271,293,301,365,361,364,364,290,290,290,350,360,359,290,348,316
272,294,302,366,362,365,365,291,291,291,351,361,360,291,349,317
273,295,303,367,363,366,366,292,292,292,352,362,361,292,350,318
274,296,304,368,364,367,367,293,293,293,353,363,362,293,351,319
275,297,305,369,365,368,368,294,294,294,354,364,363,294,352,320
276,298,306,370,366,369,369,295,295,295,355,365,364,295,353,321
277,299,307,371,367,370,370,296,296,296,356,366,365,296,354,322
278,300,308,372,368,371,371,297,297,297,357,367,366,297,355,323
279,301,309,373,369,372,372,298,298,298,358,368,367,298,356,324
280,302,310,374,370,373,373,299,299,299,359,369,368,299,357,325
281,303,311,375,371,374,374,300,300,300,360,370,369,300,358,326
282,304,312,376,372,375,375,301,301,301,361,371,370,301,359,327
283,305,313,377,373,376,376,302,302,302,362,372,371,302,360,328
284,306,314,378,374,377,377,303,303,303,363,373,372,303,361,329
285,307,315,379,375,378,378,304,304,304,364,374,373,304,362,330
286,308,316,380,376,379,379,305,305,305,365,375,374,305,363,331
287,309,317,381,377,380,380,306,306,306,366,376,375,306,364,332
288,310,318,382,378,381,381,307,307,307,367,377,376,307,365,333
289,311,319,383,379,382,382,308,308,308,368,378,377,308,366,334
290,312,320,384,380,383,383,309,309,309,369,379,378,309,367,335
291,313,321,385,381,384,384,310,310,310,370,380,379,310,368,336
292,314,322,386,382,385,385,311,311,311,371,381,380,311,369,337
293,315,323,387,383,386,386,312,312,312,372,382,381,312,370,338
294,316,324,388,384,387,387,313,313,313,373,383,382,313,371,339
295,317,325,389,385,388,388,314,314,314,374,384,383,314,372,340
296,318,326,390,386,389,389,315,315,315,375,385,384,315,373,341
297,319,327,391,387,390,390,316,316,316,376,386,385,316,374,342
298,320,328,392,388,391,391,317,317,317,377,387,386,317,375,343
299,321,329,393,389,392,392,318,318,318,378,388,387,318,376,344
300,322,330,394,390,393,393,319,319,319,379,389,388,319,377,345
301,323,331,395,391,394,394,320,320,320,380,390,389,320,378,346
302,324,332,396,392,395,395,321,321,321,381,391,390,321,379,347
303,325,333,397,393,396,396,322,322,322,382,392,391,322,380,348
304,326,334,398,394,397,397,323,323,323,383,393,392,323,381,349
305,327,335,399,395,398,398,324,324,324,384,394,393,324,382,350
306,328,336,400,396,399,399,325,325,325,385,395,394,325,383,351
307,329,337,401,397,400,400,326,326,326,386,396,395,326,384,352
308,330,338,402,398,401,401,327,327,327,387,397,396,327,385,353
309,331,339,403,399,402,402,328,328,328,388,398,397,328,386,354
310,332,340,404,400,403,403,530,329,329,389,399,398,329,387,355
311,333,341,405,401,404,404,531,330,330,390,400,399,330,388,356
312,334,342,406,402,405,405,532,331,331,391,401,400,331,389,357
313,335,343,407,403,406,406,533,332,332,392,402,401,332,390,358
314,336,344,408,404,407,407,534,333,333,393,403,402,333,391,359
315,337,345,409,405,408,408,535,334,334,394,404,403,334,392,360
316,338,346,410,406,409,409,536,335,335,395,405,404,335,393,361
317,339,347,411,407,410,410,537,336,336,396,406,405,336,394,362
318,340,348,412,408,411,411,538,337,337,397,407,406,337,395,363
319,341,349,413,409,412,412,539,338,338,398,408,407,338,396,364
320,342,350,414,410,413,413,540,339,339,399,409,408,339,397,365
321,343,351,415,411,414,414,541,340,340,400,410,409,340,398,366
322,344,352,416,412,415,415,542,341,341,401,411,410,341,399,367
323,345,353,417,413,416,416,543,342,342,402,412,411,342,400,368
324,346,354,418,414,417,417,544,343,343,403,413,412,343,401,369
325,347,355,419,415,418,418,545,344,344,404,414,413,344,402,370
326,348,356,420,416,419,419,546,345,345,405,415,414,345,403,371
327,349,357,421,417,420,420,547,346,346,406,416,415,346,404,372
328,350,358,422,418,421,421,548,347,347,407,417,416,347,405,373
329,351,359,423,419,422,422,549,348,348,408,418,417,348,406,374
330,352,360,424,420,423,423,550,349,349,409,419,418,349,407,375
331,353,361,425,421,424,424,551,350,350,410,420,419,350,408,376
332,354,362,426,422,425,425,552,351,351,411,421,420,351,409,377
333,355,363,427,423,426,426,553,352,352,412,422,421,352,410,378
334,356,364,428,424,427,427,554,353,353,413,423,422,353,411,379
335,357,365,429,425,428,428,555,354,354,414,424,423,354,412,380
336,358,366,430,426,429,429,556,355,355,415,425,424,355,413,381
337,359,367,431,427,430,430,557,356,356,416,426,425,356,414,382
338,360,368,432,428,431,431,558,357,357,417,427,426,357,415,383
339,361,369,433,429,432,432,559,358,358,418,428,427,358,416,384
340,362,370,434,430,433,433,560,359,359,419,429,428,359,417,385
341,363,371,435,431,434,434,561,360,360,420,430,429,360,418,386
342,364,372,436,432,435,435,562,361,361,421,431,430,361,419,387
343,365,373,437,433,436,436,563,362,362,422,432,431,362,420,388
344,366,374,438,434,437,437,564,363,363,423,433,432,363,421,389
345,367,375,439,435,438,438,565,364,364,424,434,433,364,422,390
346,368,376,440,436,439,439,566,365,365,425,435,434,365,423,391
347,369,377,441,437,440,440,567,366,366,426,436,435,366,424,392
348,370,378,442,438,441,441,568,367,367,427,437,436,367,425,393
349,371,379,443,439,442,442,569,368,368,428,438,437,368,426,394
350,372,380,444,440,443,443,570,369,369,429,439,438,369,427,395
351,373,381,445,441,444,444,571,370,370,430,440,439,370,428,396
352,374,382,446,442,445,445,572,371,371,431,441,440,371,429,397
353,375,383,447,443,446,446,573,372,372,432,442,441,372,430,398
354,376,384,448,444,447,447,574,373,373,433,443,442,373,431,399
355,377,385,449,445,448,448,575,374,374,434,444,443,374,432,400
356,378,386,450,446,449,449,576,375,375,435,445,444,375,433,401
357,379,387,451,447,450,450,577,376,376,436,446,447,376,434,402
358,380,388,452,448,451,451,578,377,377,437,447,448,377,435,403
359,381,389,453,449,452,452,579,378,378,438,448,449,378,436,404
360,382,390,454,450,453,453,580,379,379,439,449,450,379,437,405
361,383,391,455,451,454,454,581,380,380,440,450,451,380,438,406
362,384,392,456,452,455,455,582,381,381,441,451,452,381,439,407
363,385,393,457,453,456,456,583,382,382,442,452,453,382,440,408
364,386,394,458,454,457,457,584,383,383,443,453,454,383,441,409
365,387,395,459,455,458,458,585,384,384,449,454,462,384,442,410
366,388,396,460,456,459,459,586,385,385,450,455,463,385,443,411
367,389,397,461,457,460,460,587,386,386,451,456,464,386,444,412
368,390,398,462,458,461,461,588,387,387,452,457,465,387,447,413
369,391,399,463,459,462,462,589,388,388,453,458,466,388,448,414
370,392,400,464,460,463,463,590,389,389,454,459,467,389,449,415
371,393,401,465,461,464,464,591,390,390,491,460,468,390,450,416
372,394,402,466,462,465,465,592,391,391,492,461,489,391,451,417
373,395,403,467,463,466,466,593,392,392,493,462,490,392,452,418
374,396,404,468,464,467,467,594,393,393,494,463,491,393,453,419
375,397,405,469,465,468,468,595,394,394,495,464,492,394,454,420
376,398,406,470,466,469,469,596,395,395,496,465,493,395,455,421
377,399,407,471,467,470,470,597,396,396,497,466,494,396,456,422
378,400,408,472,468,471,471,598,397,397,498,467,495,397,457,423
379,401,409,473,469,472,472,599,398,398,499,468,496,398,458,424
380,402,410,474,470,473,473,600,399,399,500,469,497,399,459,425
381,403,411,475,471,474,474,601,400,400,503,470,498,400,460,426
382,404,412,476,472,475,475,602,401,401,504,471,499,401,461,427
383,405,413,477,473,476,476,603,402,402,505,472,500,402,462,428
384,406,414,478,474,477,477,604,403,403,506,473,501,403,463,429
385,407,415,479,475,478,478,605,404,404,507,474,503,404,464,430
386,408,416,480,476,479,479,606,405,405,508,475,504,405,465,431
387,409,417,481,477,480,480,607,406,406,509,476,505,406,466,432
388,410,418,482,478,481,481,608,407,407,510,477,506,407,467,433
389,411,419,483,479,482,482,609,408,408,511,478,507,408,468,434
390,412,420,485,480,483,483,610,409,409,512,479,508,409,469,435
391,413,421,486,481,484,484,611,410,410,513,480,509,410,470,436
392,414,422,487,482,485,485,612,411,411,514,481,510,411,471,437
393,415,423,488,483,486,486,613,412,412,515,482,511,412,472,438
394,416,424,489,484,487,487,614,413,413,516,483,512,413,473,439
395,417,425,490,485,488,488,615,414,414,517,484,513,414,474,440
396,418,426,491,486,489,489,616,415,415,518,485,514,415,475,441
397,419,427,492,487,490,490,617,416,416,519,486,515,416,476,442
398,420,428,493,488,491,491,633,417,417,520,487,516,417,477,443
399,421,429,494,489,492,492,634,418,418,521,488,517,418,478,444
400,422,430,495,490,493,493,635,419,419,522,489,518,419,479,445
401,423,431,496,491,494,494,636,420,420,523,490,519,420,480,446
402,424,432,497,492,495,495,637,421,421,524,491,520,421,481,447
403,425,433,498,493,496,496,638,422,422,525,492,521,422,482,448
404,426,434,499,494,497,497,639,423,423,526,493,522,423,483,449
405,427,435,500,495,498,498,640,424,424,527,494,523,424,484,450
406,428,436,501,496,499,499,641,425,425,528,495,524,425,485,451
407,429,437,502,497,500,500,642,426,426,529,496,525,426,486,452
408,430,438,503,498,501,501,643,427,427,530,497,526,427,487,453
409,431,439,504,499,502,502,644,428,428,531,498,527,428,488,454
410,432,440,505,500,503,503,645,429,429,532,499,528,429,489,455
411,433,441,506,501,504,504,646,430,430,533,500,529,430,490,456
412,434,442,507,502,505,505,647,431,431,534,501,530,431,491,457
413,435,443,508,503,506,506,648,432,432,535,502,531,432,492,458
414,436,444,509,504,507,507,649,433,433,536,503,532,433,493,459
415,437,445,510,505,508,508,650,434,434,537,504,533,434,494,460
416,438,446,511,506,509,509,651,435,435,538,505,534,435,495,461
417,439,447,512,507,510,510,652,436,436,539,506,535,436,496,462
418,440,448,513,508,511,511,653,437,437,540,507,536,437,497,463
419,441,449,514,509,512,512,654,438,438,541,508,537,438,498,464
420,442,450,515,510,513,513,655,439,439,542,509,538,439,499,465
421,443,451,516,511,514,514,656,440,440,543,510,539,440,500,466
422,444,452,517,512,515,515,657,441,441,544,511,540,441,501,467
423,445,453,518,513,516,516,658,442,442,545,512,541,442,502,468
424,446,454,519,514,517,517,659,443,443,546,513,542,443,503,469
425,447,455,520,515,518,518,660,444,444,547,514,543,444,504,470
426,448,456,521,516,519,519,661,445,445,548,515,544,445,505,471
427,449,457,522,517,520,520,662,446,446,549,516,545,446,506,472
428,450,458,523,518,521,521,663,447,447,550,517,546,447,507,473
429,451,459,524,519,522,522,664,448,448,551,518,547,448,508,474
430,452,460,525,520,523,523,665,449,449,552,519,548,449,509,475
431,453,461,526,521,524,524,666,450,450,553,520,549,450,510,476
432,454,462,527,522,525,525,667,451,451,554,521,550,451,511,477
433,455,463,528,523,526,526,668,452,452,555,522,551,452,512,478
434,456,464,529,524,527,527,669,453,453,556,523,552,453,513,479
435,457,465,530,525,528,528,670,454,454,557,524,553,454,514,480
436,458,466,531,526,529,529,671,455,455,558,525,554,455,515,481
437,459,467,532,527,530,530,672,456,456,559,526,555,456,516,482
438,460,468,533,528,531,531,673,457,457,560,527,556,457,517,483
439,461,469,534,529,532,532,674,458,458,561,528,557,458,518,484
440,462,470,535,530,533,533,675,459,459,562,529,558,459,519,485
441,463,471,536,531,534,534,676,460,460,563,530,559,460,520,486
442,464,472,537,532,535,535,689,461,461,564,531,560,461,521,487
443,465,473,538,533,536,536,690,462,462,565,532,561,462,522,488
444,466,474,539,534,537,537,691,463,463,566,533,562,463,523,489
445,467,475,540,535,538,538,692,464,464,567,534,563,464,524,490
446,468,476,541,536,539,539,693,465,465,568,535,564,465,525,491
447,469,477,542,537,540,540,694,466,466,569,536,565,466,526,492
448,470,478,543,538,541,541,695,467,467,570,537,566,467,527,493
449,471,479,544,539,542,542,696,468,468,571,538,567,468,528,494
450,472,480,545,540,543,543,697,469,469,572,539,568,469,529,495
451,473,481,546,541,544,544,698,470,470,573,540,569,470,530,496
452,474,482,547,542,545,545,699,471,471,574,541,570,471,531,497
453,475,483,548,543,546,546,700,472,472,575,542,571,472,532,498
454,476,484,549,544,547,547,701,473,473,576,543,572,473,533,499
455,477,485,550,545,548,548,702,474,474,577,544,573,474,534,500
456,478,486,551,546,549,549,703,475,475,578,545,574,475,535,501
457,479,487,552,547,550,550,704,476,476,579,546,575,476,536,502
458,480,488,553,548,551,551,705,477,477,580,547,576,477,537,503
459,481,489,554,549,552,552,706,478,478,581,548,577,478,538,504
460,482,490,555,550,553,553,707,479,479,582,549,578,479,539,505
461,483,491,556,551,554,554,708,480,480,583,550,579,480,540,506
462,484,492,557,552,555,555,709,481,481,584,551,580,481,541,507
463,485,493,558,553,556,556,710,482,482,585,552,581,482,542,508
464,486,494,559,554,557,557,711,483,483,586,553,582,483,543,509
465,487,495,560,555,558,558,712,484,484,587,554,583,484,544,510
466,488,496,561,556,559,559,713,485,485,588,555,584,485,545,511
467,489,497,562,557,560,560,714,486,486,589,556,585,486,546,512
468,490,498,563,558,561,561,715,487,487,590,557,586,487,547,513
469,491,499,564,559,562,562,716,488,488,591,558,587,488,548,514
470,492,500,565,560,563,563,717,489,489,592,559,588,489,549,515
471,493,501,566,561,564,564,718,490,490,593,560,589,490,550,516
472,494,502,567,562,565,565,719,491,491,594,561,590,491,551,517
473,495,503,568,563,566,566,720,492,492,595,562,591,492,552,518
474,496,504,569,564,567,567,721,493,493,596,563,592,493,553,519
475,497,505,570,565,568,568,722,494,494,597,564,593,494,554,520
476,498,506,571,566,569,569,723,495,495,598,565,594,495,555,521
477,499,507,572,567,570,570,724,496,496,599,566,595,496,556,522
478,500,508,573,568,571,571,725,497,497,600,567,596,497,557,523
479,501,509,574,569,572,572,726,498,498,601,568,597,498,558,524
480,502,510,575,570,573,573,727,499,499,602,569,598,499,559,525
481,503,511,576,571,574,574,728,500,500,603,570,599,500,560,526
482,504,512,577,572,575,575,729,501,501,604,571,600,501,561,527
483,505,513,578,573,576,576,730,502,502,605,572,601,502,562,528
484,506,514,579,574,577,577,731,503,503,606,573,602,503,563,529
485,507,515,580,575,578,578,732,504,504,607,574,603,504,564,530
486,508,516,581,576,579,579,733,505,505,608,575,604,505,565,531
487,509,517,582,577,580,580,734,506,506,609,576,605,506,566,532
488,510,518,583,578,581,581,735,507,507,610,577,606,507,567,533
489,511,519,584,579,582,582,736,508,508,611,578,607,508,568,534
490,512,520,585,580,583,583,737,509,509,612,579,608,509,569,535
491,513,521,586,581,584,584,738,510,510,613,580,609,510,570,536
492,514,522,587,582,585,585,739,511,511,614,581,610,511,571,537
493,515,523,588,583,586,586,740,512,512,615,582,611,512,572,538
494,516,524,589,584,587,587,741,513,513,616,583,612,513,573,539
495,517,525,590,585,588,588,742,514,514,617,584,613,514,574,540
496,518,526,591,586,589,589,743,515,515,618,585,614,515,575,541
497,519,527,592,587,590,590,744,516,516,619,586,615,516,576,542
498,520,528,593,588,591,591,745,517,517,620,587,616,517,577,543
499,521,529,594,589,592,592,746,518,518,640,588,617,518,578,544
500,522,530,595,590,593,593,747,519,519,641,589,618,519,579,545
501,523,531,596,591,594,594,748,520,520,642,590,619,520,580,546
502,524,532,597,592,595,595,749,521,521,643,591,620,521,581,547
503,525,533,598,593,596,596,750,522,522,644,592,641,522,582,548
504,526,534,599,594,597,597,751,523,523,645,593,642,523,583,549
505,527,535,600,595,598,598,752,524,524,646,594,643,524,584,550
506,528,536,601,596,599,599,753,525,525,647,595,644,525,585,551
507,529,537,602,597,600,600,754,526,526,648,596,645,526,586,552
508,530,538,603,598,601,601,755,527,527,649,597,646,527,587,553
509,531,539,604,599,602,602,756,528,528,650,598,647,528,588,554
510,532,540,605,600,603,603,757,529,529,651,599,648,529,589,555
511,533,541,606,601,604,604,758,530,530,652,600,649,530,590,556
512,534,542,607,602,605,605,759,531,531,653,601,650,531,591,557
513,535,543,608,603,606,606,760,532,532,654,602,651,532,592,558
514,536,544,609,604,607,607,761,533,533,655,603,652,533,593,559
515,537,545,610,605,608,608,762,534,534,656,604,653,534,594,560
516,538,546,611,606,609,609,763,535,535,657,605,654,535,595,561
517,539,547,612,607,610,610,764,536,536,658,606,655,536,596,562
518,540,548,613,608,611,611,765,537,537,659,607,656,537,597,563
519,541,549,614,609,612,612,766,538,538,660,608,657,538,598,564
520,542,550,615,610,613,613,767,539,539,661,609,658,539,599,565
521,543,551,616,611,614,614,768,540,540,662,610,659,540,600,566
522,544,552,617,612,615,615,769,541,541,663,611,660,541,601,567
523,545,553,618,613,616,616,770,542,542,664,612,661,542,602,568
524,546,554,619,614,617,617,771,543,543,665,613,662,543,603,569
525,547,555,620,615,618,618,772,544,544,666,614,663,544,604,570
526,548,556,641,616,619,619,773,545,545,667,615,664,545,605,571
527,549,557,642,617,620,620,774,546,546,668,616,665,546,606,572
528,550,558,643,618,641,641,775,547,547,669,617,666,547,607,573
529,551,559,644,619,642,642,776,548,548,670,618,667,548,608,574
530,552,560,645,620,643,643,777,549,549,671,619,668,549,609,575
531,553,561,646,641,644,644,778,550,550,672,620,669,550,610,576
532,554,562,647,642,645,645,779,551,551,687,641,670,551,611,577
533,555,563,648,643,646,646,780,552,552,688,642,671,552,612,578
534,556,564,649,644,647,647,781,553,553,689,643,672,553,613,579
535,557,565,650,645,648,648,782,554,554,690,644,673,554,613,580
536,558,566,651,646,649,649,783,555,555,691,645,674,555,614,581
537,559,567,652,647,650,650,784,556,556,692,646,675,556,615,582
538,560,568,653,648,651,651,785,557,557,693,647,676,557,616,583
539,561,569,654,649,652,652,786,558,558,694,648,689,558,617,584
540,562,570,655,650,653,653,787,559,559,695,649,690,559,618,585
541,563,571,656,651,654,654,788,560,560,696,650,691,560,619,586
542,564,572,657,652,655,655,789,561,561,697,651,692,561,620,587
543,565,573,658,653,656,656,790,562,562,698,652,693,562,621,588
544,566,574,659,654,657,657,791,563,563,699,653,694,563,622,589
545,567,575,660,655,658,658,792,564,564,700,654,695,564,632,590
546,568,576,661,656,659,659,793,565,565,701,655,696,565,633,591
547,569,577,662,657,660,660,794,566,566,702,656,697,566,634,592
548,570,578,663,658,661,661,795,567,567,703,657,698,567,635,593
549,571,579,664,659,662,662,796,568,568,704,658,699,568,636,594
550,572,580,665,660,663,663,797,569,569,705,659,700,569,637,595
551,573,581,666,661,664,664,798,570,570,706,660,701,570,638,596
552,574,582,667,662,665,665,799,571,571,707,661,702,571,639,597
553,575,583,668,663,666,666,800,572,572,708,662,703,572,640,598
554,576,584,669,664,667,667,801,573,573,709,663,704,573,641,599
555,577,585,670,665,668,668,802,574,574,710,664,705,574,642,600
556,578,586,671,666,669,669,803,575,575,711,665,706,575,643,601
557,579,587,672,667,670,670,804,576,576,712,666,707,576,644,602
558,580,588,673,668,671,671,805,577,577,713,667,708,577,645,603
559,581,589,674,669,672,672,806,578,578,714,668,709,578,646,604
560,582,590,675,670,673,673,807,579,579,715,669,710,579,647,605
561,583,591,676,671,674,674,808,580,580,716,670,711,580,648,606
562,584,592,690,672,675,675,809,581,581,717,671,712,581,649,607
563,585,593,691,673,676,676,810,582,582,718,672,713,582,650,608
564,586,594,692,674,690,690,811,583,583,719,673,714,583,651,609
565,587,595,693,675,691,691,812,584,584,720,674,715,584,652,610
566,588,596,694,676,692,692,813,585,585,721,675,716,585,653,611
567,589,597,695,689,693,693,814,586,586,722,676,717,586,654,612
568,590,598,696,690,694,694,815,587,587,723,689,718,587,655,613
569,591,599,697,691,695,695,816,588,588,724,690,719,588,656,614
570,592,600,698,692,696,696,817,589,589,725,691,720,589,657,615
571,593,601,699,693,697,697,818,590,590,726,692,721,590,658,616
572,594,602,700,694,698,698,819,591,591,727,693,722,591,659,617
573,595,603,701,695,699,699,820,592,592,728,694,723,592,660,618
574,596,604,702,696,700,700,821,593,593,729,695,724,593,661,619
575,597,605,703,697,701,701,822,594,594,730,696,725,594,662,620
576,598,606,704,698,702,702,823,595,595,731,697,726,595,663,641
577,599,607,705,699,703,703,824,596,596,732,698,727,596,664,642
578,600,608,706,700,704,704,825,597,597,733,699,728,597,665,643
579,601,609,707,701,705,705,826,598,598,734,700,729,598,666,644
580,602,610,708,702,706,706,849,599,599,735,701,730,599,667,645
581,603,611,709,703,707,707,850,600,600,736,702,731,600,668,646
582,604,612,710,704,708,708,851,601,601,737,703,732,601,669,647
583,605,613,711,705,709,709,852,602,602,738,704,733,602,670,648
584,606,614,712,706,710,710,853,603,603,739,705,734,603,671,649
585,607,615,713,707,711,711,854,604,604,740,706,735,604,672,650
586,608,616,714,708,712,712,855,605,605,741,707,736,605,673,651
587,609,617,715,709,713,713,856,606,606,742,708,737,606,674,652
588,610,618,716,710,714,714,857,607,607,743,709,738,607,675,653
589,611,619,717,711,715,715,858,608,608,744,710,739,608,676,654
590,612,620,718,712,716,716,859,609,609,745,711,740,609,689,655
591,613,621,719,713,717,717,860,610,610,746,712,741,610,690,656
592,614,622,720,714,718,718,861,611,611,747,713,742,611,691,657
593,615,623,721,715,719,719,862,612,612,748,714,743,612,692,658
594,616,624,722,716,720,720,863,613,613,749,715,744,613,693,659
595,617,625,723,717,721,721,864,614,614,750,716,745,614,694,660
596,618,626,724,718,722,722,865,615,615,751,717,746,615,695,661
597,619,627,725,719,723,723,866,616,616,752,718,747,616,696,662
598,620,628,726,720,724,724,867,617,617,753,719,748,617,697,663
599,621,629,727,721,725,725,868,633,633,754,720,749,641,698,664
600,622,630,728,722,726,726,869,634,634,755,721,750,642,699,665
601,623,631,729,723,727,727,870,635,635,756,722,751,643,700,666
602,624,632,730,724,728,728,871,636,636,757,723,752,644,701,667
603,625,633,731,725,729,729,872,637,637,758,724,753,645,702,668
604,626,634,732,726,730,730,873,638,638,759,725,754,646,703,669
605,627,635,733,727,731,731,874,639,639,760,726,755,647,704,670
606,628,636,734,728,732,732,875,640,640,761,727,756,648,705,671
607,629,637,735,729,733,733,876,641,641,762,728,757,649,706,672
608,630,638,736,730,734,734,877,642,642,763,729,758,650,707,673
609,631,639,737,731,735,735,878,643,643,764,730,759,651,708,674
610,632,640,738,732,736,736,879,644,644,765,731,760,652,709,675
611,633,641,739,733,737,737,880,645,645,766,732,761,653,710,691
612,634,642,740,734,738,738,881,646,646,767,733,762,654,711,692
613,635,643,741,735,739,739,882,647,647,768,734,763,655,712,693
614,636,644,742,736,740,740,883,648,648,769,735,764,656,713,694
615,637,645,743,737,741,741,884,649,649,770,736,765,657,714,695
616,638,646,744,738,742,742,885,650,650,771,737,766,658,715,696
617,639,647,745,739,743,743,886,651,651,772,738,767,659,716,697
618,640,648,746,740,744,744,887,652,652,773,739,768,660,717,698
619,641,649,747,741,745,745,888,653,653,774,740,769,661,718,699
620,642,650,748,742,746,746,889,654,654,775,741,770,662,719,700
621,643,651,749,743,747,747,890,655,655,776,742,771,663,720,701
622,644,652,750,744,748,748,891,656,656,777,743,772,664,721,702
623,645,653,751,745,749,749,892,657,657,778,744,773,665,722,703
624,646,654,752,746,750,750,893,658,658,779,745,774,666,723,704
625,647,655,753,747,751,751,894,659,659,780,746,775,667,724,705
626,648,656,754,748,752,752,895,660,660,781,747,776,668,725,706
627,649,657,755,749,753,753,896,661,661,782,748,777,669,726,707
628,650,658,756,750,754,754,897,662,662,783,749,778,670,727,708
629,651,659,757,751,755,755,898,663,663,784,750,779,671,728,709
630,652,660,758,752,756,756,899,664,664,785,751,780,672,729,710
631,653,661,759,753,757,757,900,665,665,786,752,781,673,730,711
632,654,662,760,754,758,758,901,666,666,787,753,782,674,731,712
633,655,663,761,755,759,759,902,667,667,788,754,783,675,732,713
634,656,664,762,756,760,760,903,668,668,789,755,784,676,733,714
635,657,665,763,757,761,761,904,669,669,790,756,785,689,734,715
636,658,666,764,758,762,762,905,670,670,791,757,786,690,735,716
637,659,667,765,759,763,763,906,671,671,792,758,787,691,736,717
638,660,668,766,760,764,764,907,672,672,793,759,788,692,737,718
639,674,669,767,761,765,765,908,673,673,794,760,789,693,738,719
640,675,670,768,762,766,766,909,674,674,795,761,790,694,739,720
641,676,671,769,763,767,767,910,675,675,796,762,791,695,740,721
642,677,672,770,764,768,768,911,676,676,797,763,792,696,741,722
643,678,673,771,765,769,769,912,689,689,798,764,793,697,742,723
644,679,674,772,766,770,770,913,690,690,799,765,794,698,743,724
645,680,675,773,767,771,771,914,691,691,800,766,795,699,744,725
646,681,676,774,768,772,772,915,692,692,801,767,796,700,745,726
647,682,689,775,769,773,773,916,693,693,802,768,797,701,746,727
648,683,690,776,770,774,774,917,694,694,803,769,798,702,747,728
649,684,691,777,771,775,775,918,695,695,804,770,799,703,748,729
650,685,692,778,772,776,776,919,696,696,805,771,800,704,749,730
651,686,693,779,773,777,777,920,697,697,806,772,801,705,750,731
652,687,694,780,774,778,778,921,698,698,807,773,802,706,751,732
653,688,695,781,775,779,779,922,699,699,808,774,803,707,752,733
654,689,696,782,776,780,780,923,700,700,809,775,804,708,753,734
655,690,697,783,777,781,781,924,701,701,810,776,805,709,754,735
656,691,698,784,778,782,782,925,702,702,811,777,806,710,755,736
657,692,699,785,779,783,783,926,703,703,812,778,807,711,756,737
658,693,700,786,780,784,784,927,704,704,813,779,808,712,757,738
659,694,701,787,781,785,785,928,705,705,814,780,809,713,758,739
660,695,702,788,782,786,786,929,706,706,815,781,810,714,759,740
661,696,703,789,783,787,787,930,707,707,816,782,811,715,760,741
662,697,704,790,784,788,788,931,708,708,817,783,812,716,761,742
663,698,705,791,785,789,789,932,709,709,818,784,813,717,762,743
664,699,706,792,786,790,790,933,710,710,819,785,814,718,763,744
665,700,707,793,787,791,791,934,711,711,820,786,815,719,764,745
666,701,708,794,788,792,792,935,712,712,821,787,816,720,765,746
667,702,709,795,789,793,793,936,713,713,822,788,817,721,766,747
668,703,710,796,790,794,794,937,714,714,823,789,818,722,767,748
669,704,711,797,791,795,795,938,715,715,824,790,819,723,768,749
670,705,712,798,792,796,796,939,716,716,825,791,820,724,769,750
671,706,713,799,793,797,797,940,717,717,826,792,821,725,770,751
672,707,714,800,794,798,798,944,718,718,827,793,822,726,771,752
673,708,715,801,795,799,799,945,719,719,828,794,823,727,772,753
674,709,716,802,796,800,800,946,720,720,853,795,824,728,773,754
675,710,717,803,797,801,801,947,721,721,854,796,825,729,774,755
676,711,718,804,798,802,802,948,722,722,855,797,826,730,775,756
677,712,719,805,799,803,803,949,723,723,856,798,827,731,776,757
678,713,720,806,800,804,804,950,724,724,857,799,854,732,777,758
679,714,721,807,801,805,805,951,725,725,858,800,855,733,778,759
680,715,722,808,802,806,806,952,726,726,859,801,856,734,779,760
681,716,723,809,803,807,807,953,727,727,860,802,857,735,780,761
682,717,724,810,804,808,808,954,728,728,861,803,858,736,781,762
683,718,725,811,805,809,809,955,729,729,862,804,859,737,782,763
684,719,726,813,806,810,810,956,730,730,863,805,860,738,783,764
685,720,727,814,807,811,811,957,731,731,864,806,861,739,784,765
686,721,728,815,808,813,812,958,732,732,865,807,862,740,785,766
687,722,729,816,809,814,813,959,733,733,866,808,863,741,786,767
688,723,730,817,810,815,814,960,734,734,867,809,864,742,787,768
689,724,731,818,811,816,815,961,735,735,868,810,865,743,788,769
690,725,732,819,812,817,816,962,736,736,869,811,866,744,789,770
691,726,733,820,813,818,817,963,737,737,870,812,867,745,790,771
692,727,734,821,814,819,818,964,738,738,871,813,868,746,791,772
693,728,735,822,815,820,819,965,739,739,872,814,869,747,792,773
694,729,736,823,816,821,820,966,740,740,873,815,870,748,793,774
695,730,737,824,817,822,821,967,741,741,874,816,871,749,794,775
696,731,738,825,818,823,822,968,742,742,875,817,872,750,795,776
697,732,739,826,819,824,823,969,743,743,876,818,873,751,796,777
698,733,740,827,820,825,824,970,744,744,877,819,874,752,797,778
699,734,741,854,821,826,825,971,745,745,878,820,875,753,798,779
700,735,742,855,822,827,826,972,746,746,879,821,876,754,799,780
701,736,743,856,823,854,827,973,747,747,880,822,877,755,800,781
702,737,744,857,824,855,854,974,748,748,881,823,878,756,801,782
703,738,745,858,825,856,855,975,749,749,882,824,879,757,802,783
704,739,746,859,826,857,856,976,750,750,883,825,880,758,803,784
705,740,747,860,827,858,857,977,751,751,884,826,881,759,804,785
706,741,748,861,854,859,858,978,752,752,885,827,882,760,805,786
707,742,749,862,855,860,859,979,753,753,886,854,883,761,806,787
708,743,750,863,856,861,860,980,754,754,887,855,884,762,807,788
709,744,751,864,857,862,861,981,755,755,888,856,885,763,808,789
710,745,752,865,858,863,862,982,756,756,889,857,886,764,809,790
711,746,753,866,859,864,863,983,757,757,890,858,887,765,810,791
712,747,754,867,860,865,864,984,758,758,891,859,888,766,811,792
713,748,755,868,861,866,865,985,759,759,892,860,889,767,812,793
714,749,756,869,862,867,866,986,760,760,893,861,890,768,813,794
715,750,757,870,863,868,867,987,761,761,894,862,891,769,814,795
716,751,758,871,864,869,868,988,762,762,895,863,892,770,815,796
717,752,759,872,865,870,869,989,763,763,896,864,893,771,816,797
718,753,760,873,866,871,870,990,764,764,897,865,894,772,817,798
719,754,761,874,867,872,871,991,765,765,898,866,895,773,818,799
720,755,762,875,868,873,872,992,766,766,899,867,896,774,819,800
721,756,763,876,869,874,873,993,767,767,900,868,897,775,820,801
722,757,764,877,870,875,874,994,768,768,901,869,898,776,821,802
723,758,765,878,871,876,875,995,769,769,902,870,899,777,822,803
724,759,766,879,872,877,876,996,770,770,903,871,900,778,823,804
725,760,767,880,873,878,877,997,771,771,904,872,901,779,824,805
726,761,768,881,874,879,878,998,772,772,905,873,902,780,825,806
727,762,769,882,875,880,879,999,773,773,906,874,903,781,826,807
728,763,770,883,876,881,880,1000,774,774,907,875,904,782,827,808
729,764,771,884,877,882,881,1001,775,775,908,876,905,783,828,809
730,765,772,885,878,883,882,1002,776,776,909,877,906,784,852,810
731,766,773,886,879,884,883,1003,777,777,910,878,907,785,853,811
732,767,774,887,880,885,884,1004,778,778,911,879,908,786,854,812
733,768,775,888,881,886,885,1005,779,779,912,880,909,787,855,813
734,769,776,889,882,887,886,1006,780,780,913,881,910,788,856,814
735,770,777,890,883,888,887,1007,781,781,914,882,911,789,857,815
736,771,778,891,884,889,888,1008,782,782,915,883,912,790,858,816
737,772,779,892,885,890,889,1009,783,783,916,884,913,791,859,817
738,773,780,893,886,891,890,1010,784,784,917,885,914,792,860,818
739,774,781,894,887,892,891,1011,785,785,918,886,915,793,861,819
740,775,782,895,888,893,892,1012,786,786,919,887,916,794,862,820
741,776,783,896,889,894,893,1013,787,787,920,888,917,795,863,821
742,777,784,897,890,895,894,1014,788,788,921,889,918,796,864,822
743,778,785,898,891,896,895,1015,789,789,922,890,919,797,865,823
744,779,786,899,892,897,896,1016,790,790,923,891,920,798,866,824
745,780,787,900,893,898,897,1017,791,791,924,892,921,799,867,825
746,781,788,901,894,899,898,1018,792,792,925,893,922,800,868,826
747,782,789,902,895,900,899,1019,793,793,926,894,923,801,869,827
748,783,790,903,896,901,900,1020,794,794,927,895,924,802,870,856
749,784,791,904,897,902,901,1021,795,795,928,896,925,803,871,857
750,785,792,905,898,903,902,1022,796,796,929,897,926,804,872,858
751,786,793,906,899,904,903,1023,797,797,930,898,927,805,873,859
752,787,794,907,900,905,904,1024,798,798,931,899,928,806,874,860
753,788,795,908,901,906,905,1025,799,799,932,900,929,807,875,861
754,789,796,909,902,907,906,1026,800,800,933,901,930,808,876,862
755,790,797,910,903,908,907,1027,801,801,934,902,931,809,877,863
756,791,798,911,904,909,908,1028,802,802,935,903,932,810,878,864
757,792,799,912,905,910,909,1029,803,803,936,904,933,811,879,865
758,793,800,913,906,911,910,1030,804,804,937,905,934,812,880,866
759,794,801,914,907,912,911,1031,805,805,938,906,935,813,881,867
760,795,802,915,908,913,912,1032,806,806,939,907,936,814,882,868
761,796,803,916,909,914,913,1033,807,807,940,908,937,815,883,869
762,797,804,917,910,915,914,1034,808,808,941,909,938,816,884,870
763,798,805,918,911,916,915,1035,809,809,942,910,939,817,885,871
764,799,806,919,912,917,916,1036,810,810,943,911,940,818,886,872
765,800,807,920,913,918,917,1037,811,811,944,912,941,819,887,873
766,801,808,921,914,919,918,1038,812,812,945,913,942,820,888,874
767,802,809,922,915,920,919,1039,813,813,946,914,943,821,889,875
768,803,810,923,916,921,920,1040,814,814,947,915,944,822,890,876
769,804,811,924,917,922,921,1041,815,815,948,916,945,823,891,877
770,805,812,925,918,923,922,1042,816,816,949,917,946,824,892,878
771,806,813,926,919,924,923,1043,817,817,950,918,947,825,893,879
772,807,814,927,920,925,924,1044,818,818,951,919,948,826,894,880
773,808,815,928,921,926,925,1045,819,819,952,920,949,827,895,881
774,809,816,929,922,927,926,1046,820,820,953,921,950,849,896,882
775,810,817,930,923,928,927,1047,821,821,954,922,951,850,897,883
776,811,818,931,924,929,928,1048,822,822,955,923,952,851,898,884
777,832,819,932,925,930,929,1049,823,823,956,924,953,852,899,885
778,833,820,933,926,931,930,1050,823,823,957,925,954,853,900,886
779,834,821,934,927,932,931,1051,824,824,958,926,955,854,901,887
780,835,822,935,928,933,932,1052,825,825,959,927,956,855,902,888
781,836,823,936,929,934,933,1053,826,826,960,928,957,856,903,889
782,837,824,937,930,935,934,1054,827,827,961,929,958,857,904,890
783,838,825,938,931,936,935,1055,828,828,962,930,959,858,905,891
784,839,826,939,932,937,936,1056,829,829,963,931,960,859,906,892
785,840,827,940,933,938,937,1057,830,830,964,932,961,860,907,893
786,841,828,941,934,939,938,1058,831,831,965,933,962,861,908,894
787,842,829,942,935,940,939,1059,832,832,966,934,963,862,909,895
788,843,830,943,936,941,940,1060,833,833,967,935,964,863,910,896
789,844,831,944,937,942,941,1061,834,834,968,936,965,864,911,897
790,845,832,945,938,943,942,1062,835,835,969,937,966,865,912,898
791,846,833,946,939,944,943,1063,836,836,970,938,967,866,913,899
792,847,834,947,940,945,944,1064,837,837,971,939,968,867,914,900
793,848,835,948,941,946,945,1065,838,838,972,940,969,868,915,901
794,849,836,949,942,947,946,1066,839,839,973,941,970,869,916,902
795,850,837,950,943,948,947,1067,840,840,974,942,971,870,917,903
796,851,838,951,944,949,948,1068,841,841,975,943,972,871,918,904
797,852,839,952,945,950,949,1069,842,842,976,944,973,872,919,905
798,853,840,953,946,951,950,1070,843,843,977,945,974,873,920,906
799,854,841,954,947,952,951,1071,844,844,978,946,975,874,921,907
800,855,842,955,948,953,952,1072,845,845,979,947,976,875,922,908
801,856,843,956,949,954,953,1073,846,846,980,948,977,876,923,909
802,857,844,957,950,955,954,1074,847,847,981,949,978,877,924,910
803,858,845,958,951,956,955,1075,848,848,982,950,979,878,925,911
804,859,846,959,952,957,956,1076,849,849,983,951,980,879,926,912
805,860,847,960,953,958,957,1077,850,850,984,952,981,880,927,913
806,861,848,961,954,959,958,1078,851,851,985,953,982,881,928,914
807,862,849,962,955,960,959,1079,852,852,986,954,983,882,929,915
808,863,850,963,956,961,960,1080,853,853,987,955,984,883,930,916
809,864,851,964,957,962,961,1081,854,854,988,956,985,884,931,917
810,865,852,965,958,963,962,1082,855,855,989,957,986,885,932,918
811,866,853,966,959,964,963,1083,856,856,990,958,987,886,933,919
812,867,854,967,960,965,964,1084,857,857,991,959,988,887,934,920
813,868,855,968,961,966,965,1085,858,858,992,960,989,888,935,921
814,869,856,969,962,967,966,1086,859,859,993,961,990,889,936,922
815,870,857,970,963,968,967,1087,860,860,994,962,991,890,937,923
816,871,858,971,964,969,968,1088,861,861,995,963,992,891,938,924
817,872,859,972,965,970,969,1089,862,862,996,964,993,892,939,925
818,873,860,973,966,971,970,1090,863,863,997,965,994,893,940,926
819,874,861,974,967,972,971,1091,864,864,998,966,995,894,941,927
820,875,862,975,968,973,972,1092,865,865,999,967,996,895,942,928
821,876,863,976,969,974,973,1093,866,866,1000,968,997,896,943,929
822,877,864,977,970,975,974,1094,867,867,1001,969,998,897,944,930
823,878,865,978,971,976,975,1095,868,868,1002,970,999,898,945,931
824,879,866,979,972,977,976,1096,869,869,1003,971,1000,899,946,932
825,880,867,980,973,978,977,1097,870,870,1004,972,1001,900,947,933
826,881,868,981,974,979,978,1098,871,871,1005,973,1002,901,948,934
827,882,869,982,975,980,979,1099,872,872,1006,974,1003,902,949,935
828,883,870,983,976,981,980,1100,873,873,1007,975,1004,903,950,936
829,884,871,984,977,982,981,1101,874,874,1008,976,1005,904,951,937
830,885,872,985,978,983,982,1102,875,875,1009,977,1006,905,952,938
831,886,873,986,979,984,983,1103,876,876,1010,978,1007,906,953,939
832,887,874,987,980,985,984,1104,877,877,1011,979,1008,907,954,940
833,888,875,988,981,986,985,1105,878,878,1012,980,1009,908,955,941
834,889,876,989,982,987,986,1106,879,879,1013,981,1010,909,956,942
835,890,877,990,983,988,987,1107,880,880,1014,982,1011,910,957,943
836,891,878,991,984,989,988,1108,881,881,1015,983,1012,911,958,944
837,892,879,992,985,990,989,1109,882,882,1016,984,1013,912,959,945
838,893,880,993,986,991,990,1110,883,883,1017,985,1014,913,960,946
839,894,881,994,987,992,991,1111,884,884,1018,986,1015,914,961,947
840,895,882,995,988,993,992,1112,885,885,1019,987,1016,915,962,948
841,896,883,996,989,994,993,1113,886,886,1020,988,1017,916,963,949
842,897,884,997,990,995,994,1114,887,887,1021,989,1018,917,964,950
843,898,885,998,991,996,995,1115,888,888,1022,990,1019,918,965,951
844,899,886,999,992,997,996,1116,889,889,1023,991,1020,919,966,952
845,900,887,1000,993,998,997,1117,890,890,1024,992,1021,920,967,953
846,901,888,1001,994,999,998,1118,891,891,1025,993,1022,921,968,954
847,902,889,1002,995,1000,999,1119,892,892,1026,994,1023,922,969,955
848,903,890,1003,996,1001,1000,1120,893,893,1027,995,1024,923,970,956
849,904,891,1004,997,1002,1001,1121,894,894,1028,996,1025,924,971,957
850,905,892,1005,998,1003,1002,1122,895,895,1029,997,1026,925,972,958
851,906,893,1006,999,1004,1003,1123,896,896,1030,998,1027,926,973,959
852,907,894,1007,1000,1005,1004,1124,897,897,1031,999,1028,927,974,960
853,908,895,1008,1001,1006,1005,1125,898,898,1032,1000,1029,928,975,961
854,909,896,1009,1002,1007,1006,1126,899,899,1033,1001,1030,929,976,962
855,910,897,1010,1003,1008,1007,1127,900,900,1034,1002,1031,930,977,963
856,911,898,1011,1004,1009,1008,1128,901,901,1035,1003,1032,931,978,964
857,912,899,1012,1005,1010,1009,1129,902,902,1036,1004,1033,932,979,965
858,913,900,1013,1006,1011,1010,1130,903,903,1037,1005,1034,933,980,966
859,914,901,1014,1007,1012,1011,1131,904,904,1038,1006,1035,934,981,967
860,915,902,1015,1008,1013,1012,1132,905,905,1039,1007,1036,935,982,968
861,916,903,1016,1009,1014,1013,1133,906,906,1040,1008,1037,936,983,969
862,917,904,1017,1010,1015,1014,1134,907,907,1041,1009,1038,937,984,970
863,918,905,1018,1011,1016,1015,1135,908,908,1042,1010,1039,938,985,971
864,919,906,1019,1012,1017,1016,1136,909,909,1043,1011,1040,939,986,972
865,920,907,1020,1013,1018,1017,1137,910,910,1044,1012,1041,940,987,973
866,921,908,1021,1014,1019,1018,1138,911,911,1045,1013,1042,944,988,974
867,922,909,1022,1015,1020,1019,1139,912,912,1046,1014,1043,945,989,975
868,923,910,1023,1016,1021,1020,1140,913,913,1047,1015,1044,946,990,976
869,924,911,1024,1017,1022,1021,1141,914,914,1048,1016,1045,947,991,977
870,925,912,1025,1018,1023,1022,1142,915,915,1049,1017,1046,948,992,978
871,926,913,1026,1019,1024,1023,1143,916,916,1050,1018,1047,949,993,979
872,927,914,1027,1020,1025,1024,1144,917,917,1051,1019,1048,950,994,980
873,928,915,1028,1021,1026,1025,1145,918,918,1052,1020,1049,951,995,981
874,929,916,1029,1022,1027,1026,1146,919,919,1053,1021,1050,952,996,982
875,930,917,1030,1023,1028,1027,,920,920,1054,1022,1051,953,997,983
876,931,918,1031,1024,1029,1028,,921,921,1055,1023,1052,954,998,984
877,932,919,1032,1025,1030,1029,,922,922,1056,1024,1053,955,999,985
878,933,920,1033,1026,1031,1030,,923,923,1057,1025,1054,956,1000,986
879,934,921,1034,1027,1032,1031,,924,924,1058,1026,1055,957,1001,987
880,935,922,1035,1028,1033,1032,,925,925,1059,1027,1056,958,1002,988
881,936,923,1036,1029,1034,1033,,926,926,1060,1028,1057,959,1003,989
882,937,924,1037,1030,1035,1034,,927,927,1061,1029,1058,960,1004,990
883,938,925,1038,1031,1036,1035,,928,928,1062,1030,1059,961,1005,991
884,939,926,1039,1032,1037,1036,,929,929,1063,1031,1060,962,1006,992
885,940,927,1040,1033,1038,1037,,930,930,1064,1032,1061,963,1007,993
886,941,928,1041,1034,1039,1038,,931,931,1065,1033,1062,964,1008,994
887,942,929,1042,1035,1040,1039,,932,932,1066,1034,1063,965,1009,995
888,943,930,1043,1036,1041,1040,,933,933,1067,1035,1064,966,1010,996
889,944,931,1044,1037,1042,1041,,934,934,1068,1036,1065,967,1011,997
890,945,932,1045,1038,1043,1042,,935,935,1069,1037,1066,968,1012,998
891,946,933,1046,1039,1044,1043,,936,936,1070,1038,1067,969,1013,999
892,947,934,1047,1040,1045,1044,,937,937,1071,1039,1068,970,1014,1000
893,948,935,1048,1041,1046,1045,,938,938,1072,1040,1069,971,1015,1001
894,949,936,1049,1042,1047,1046,,939,939,1073,1041,1070,972,1016,1002
895,950,937,1050,1043,1048,1047,,940,940,1074,1042,1071,973,1017,1003
896,951,938,1051,1044,1049,1048,,944,944,1075,1043,1072,974,1018,1004
897,952,939,1052,1045,1050,1049,,945,945,1076,1044,1073,975,1019,1005
898,953,940,1053,1046,1051,1050,,946,946,1077,1045,1074,976,1020,1006
899,954,941,1054,1047,1052,1051,,947,947,1078,1046,1075,977,1021,1007
900,955,942,1055,1048,1053,1052,,948,948,1079,1047,1076,978,1022,1008
901,956,943,1056,1049,1054,1053,,949,949,1080,1048,1077,979,1023,1009
902,957,944,1057,1050,1055,1054,,950,950,1081,1049,1078,980,1024,1010
903,958,945,1058,1051,1056,1055,,951,951,1082,1050,1079,981,1025,1011
904,959,946,1059,1052,1057,1056,,952,952,1083,1051,1080,982,1026,1012
905,960,947,1060,1053,1058,1057,,953,953,1084,1052,1081,983,1027,1013
906,961,948,1061,1054,1059,1058,,954,954,1085,1053,1082,984,1028,1014
907,962,949,1062,1055,1060,1059,,955,955,1086,1054,1083,985,1029,1015
908,963,950,1063,1056,1061,1060,,956,956,1087,1055,1084,986,1030,1016
909,964,951,1064,1057,1062,1061,,957,957,1088,1056,1085,987,1031,1017
910,965,952,1065,1058,1063,1062,,958,958,1089,1057,1086,988,1032,1018
911,966,953,1066,1059,1064,1063,,959,959,1090,1058,1087,989,1033,1019
912,967,954,1067,1060,1065,1064,,960,960,1091,1059,1088,990,1034,1020
913,968,955,1068,1061,1066,1065,,961,961,1092,1060,1089,991,1035,1021
914,969,956,1069,1062,1067,1066,,962,962,1093,1061,1090,992,1036,1022
915,970,957,1070,1063,1068,1067,,963,963,1094,1062,1091,993,1037,1023
916,971,958,1071,1064,1069,1068,,964,964,1095,1063,1092,994,1038,1024
917,972,959,1072,1065,1070,1069,,965,965,1096,1064,1093,995,1039,1025
918,973,960,1073,1066,1071,1070,,966,966,1097,1065,1094,996,1040,1026
919,974,961,1074,1067,1072,1071,,967,967,1098,1066,1095,997,1041,1027
920,975,962,1075,1068,1073,1072,,968,968,1099,1067,1096,998,1042,1028
921,976,963,1076,1069,1074,1073,,969,969,1100,1068,1097,999,1043,1029
922,977,964,1077,1070,1075,1074,,970,970,1101,1069,1098,1000,1044,1030
923,978,965,1078,1071,1076,1075,,971,971,1102,1070,1099,1001,1045,1031
924,979,966,1079,1072,1077,1076,,972,972,1103,1071,1100,1002,1046,1032
925,980,967,1080,1073,1078,1077,,973,973,1104,1072,1101,1003,1047,1033
926,981,968,1081,1074,1079,1078,,974,974,1105,1073,1102,1004,1048,1034
927,982,969,1082,1075,1080,1079,,975,975,1106,1074,1103,1005,1049,1035
928,983,970,1083,1076,1081,1080,,976,976,1107,1075,1104,1006,1050,1036
929,984,971,1084,1077,1082,1081,,977,977,1108,1076,1105,1007,1051,1037
930,985,972,1085,1078,1083,1082,,978,978,1109,1077,1106,1008,1052,1038
931,986,973,1086,1079,1084,1083,,979,979,1110,1078,1107,1009,1053,1039
932,987,974,1087,1080,1085,1084,,980,980,1111,1079,1108,1010,1054,1040
933,988,975,1088,1081,1086,1085,,981,981,1112,1080,1109,1011,1055,1041
934,989,976,1089,1082,1087,1086,,982,982,1113,1081,1110,1012,1056,1042
935,990,977,1090,1083,1088,1087,,983,983,1114,1082,1111,1013,1057,1043
936,991,978,1091,1084,1089,1088,,984,984,1115,1083,1112,1014,1058,1044
937,992,979,1092,1085,1090,1089,,985,985,1116,1084,1113,1015,1059,1045
938,993,980,1093,1086,1091,1090,,986,986,1117,1085,1114,1016,1060,1046
939,994,981,1094,1087,1092,1091,,987,987,1118,1086,1115,1017,1061,1047
940,995,982,1095,1088,1093,1092,,988,988,1119,1087,1116,1018,1062,1048
941,996,983,1096,1089,1094,1093,,989,989,1120,1088,1117,1019,1063,1049
942,997,984,1097,1090,1095,1094,,990,990,1121,1089,1118,1020,1064,1050
943,998,985,1098,1091,1096,1095,,991,991,1122,1090,1119,1021,1065,1051
944,999,986,1099,1092,1097,1096,,992,992,1123,1091,1120,1022,1066,1052
945,1000,987,1100,1093,1098,1097,,993,993,1124,1092,1121,1023,1067,1053
946,1001,988,1101,1094,1099,1098,,994,994,1125,1093,1122,1024,1068,1054
947,1002,989,1102,1095,1100,1099,,995,995,1126,1094,1123,1025,1069,1055
948,1003,990,1103,1096,1101,1100,,996,996,1127,1095,1124,1026,1070,1056
949,1004,991,1104,1097,1102,1101,,997,997,1128,1096,1125,1027,1071,1057
950,1005,992,1105,1098,1103,1102,,998,998,1129,1097,1126,1028,1072,1058
951,1006,993,1106,1099,1104,1103,,999,999,1130,1098,1127,1029,1073,1059
952,1007,994,1107,1100,1105,1104,,1000,1000,1131,1099,1128,1030,1074,1060
953,1008,995,1108,1101,1106,1105,,1001,1001,1132,1100,1129,1031,1075,1061
954,1009,996,1109,1102,1107,1106,,1002,1002,1133,1101,1130,1032,1076,1062
955,1010,997,1110,1103,1108,1107,,1003,1003,1134,1102,1131,1033,1077,1063
956,1011,998,1111,1104,1109,1108,,1004,1004,1135,1103,1132,1034,1078,1064
957,1012,999,1112,1105,1110,1109,,1005,1005,1136,1104,1133,1035,1079,1065
958,1013,1000,1113,1106,1111,1110,,1006,1006,1137,1105,1134,1036,1080,1066
959,1014,1001,1114,1107,1112,1111,,1007,1007,1138,1106,1135,1037,1081,1067
960,1015,1002,1115,1108,1113,1112,,1008,1008,1139,1107,1136,1038,1082,1068
961,1016,1003,1116,1109,1114,1113,,1009,1009,1140,1108,1137,1039,1083,1069
962,1017,1004,1117,1110,1115,1114,,1010,1010,1141,1109,1138,1040,1084,1070
963,1018,1005,1118,1111,1116,1115,,1011,1011,1142,1110,1139,1041,1085,1071
964,1019,1006,1119,1112,1117,1116,,1012,1012,1143,1111,1140,1042,1086,1072
965,1020,1007,1120,1113,1118,1117,,1013,1013,1144,1112,1141,1043,1087,1073
966,1021,1008,1121,1114,1119,1118,,1014,1014,1145,1113,1142,1044,1088,1074
967,1022,1009,1122,1115,1120,1119,,1015,1015,1146,1114,1143,1045,1089,1075
968,1023,1010,1123,1116,1121,1120,,1016,1016,,1115,1144,1046,1090,1076
969,1024,1011,1124,1117,1122,1121,,1017,1017,,1116,1145,1047,1091,1077
970,1025,1012,1125,1118,1123,1122,,1018,1018,,1117,1146,1048,1092,1078
971,1026,1013,1126,1119,1124,1123,,1019,1019,,1118,1147,1049,1093,1079
972,1027,1014,1127,1120,1125,1124,,1019,1019,,1119,,1050,1094,1080
973,1028,1015,1128,1121,1126,1125,,1020,1020,,1120,,1051,1095,1081
974,1029,1016,1129,1122,1127,1126,,1021,1021,,1121,,1052,1096,1082
975,1030,1017,1130,1123,1128,1127,,1022,1022,,1122,,1053,1097,1083
976,1031,1018,1131,1124,1129,1128,,1023,1023,,1123,,1054,1098,1084
977,1032,1019,1132,1125,1130,1129,,1024,1024,,1124,,1055,1099,1085
978,1033,1020,1133,1126,1131,1130,,1025,1025,,1125,,1056,1100,1086
979,1034,1021,1134,1127,1132,1131,,1026,1026,,1126,,1057,1101,1087
980,1035,1022,1135,1128,1133,1132,,1027,1027,,1127,,1058,1102,1088
981,1036,1023,1136,1129,1134,1133,,1028,1028,,1128,,1059,1103,1089
982,1037,1024,1137,1130,1135,1134,,1029,1029,,1129,,1060,1104,1090
983,1038,1025,1138,1131,1136,1135,,1030,1030,,1130,,1061,1105,1091
984,1039,1026,1139,1132,1137,1136,,1031,1031,,1131,,1062,1106,1092
985,1040,1027,1140,1133,1138,1137,,1032,1032,,1132,,1063,1107,1093
986,1041,1028,1141,1134,1139,1138,,1033,1033,,1133,,1064,1108,1094
987,1042,1029,1142,1135,1140,1139,,1034,1034,,1134,,1065,1109,1095
988,1043,1030,1143,1136,1141,1140,,1035,1035,,1135,,1066,1110,1096
989,1044,1031,1144,1137,1142,1141,,1036,1036,,1136,,1067,1111,1097
990,1045,1032,1145,1138,1143,1142,,1037,1037,,1137,,1068,1112,1098
991,1046,1033,1146,1139,1144,1143,,1038,1038,,1138,,1069,1113,1099
992,1047,1034,1147,1140,1145,1144,,1039,1039,,1139,,1070,1114,1100
993,1048,1035,,1141,1146,1145,,1040,1040,,1140,,1071,1115,1101
994,1049,1036,,1142,1147,1146,,1041,1041,,1141,,1072,1116,1102
995,1050,1037,,1143,,1147,,1042,1042,,1142,,1073,1117,1103
996,1051,1038,,1144,,,,1043,1043,,1143,,1074,1118,1104
997,1052,1039,,1145,,,,1044,1044,,1144,,1075,1119,1105
998,1053,1040,,1146,,,,1045,1045,,1145,,1076,1120,1106
999,1054,1041,,1147,,,,1046,1046,,1146,,1077,1121,1107
1000,1055,1042,,,,,,1047,1047,,1147,,1078,1122,1108
1001,1056,1043,,,,,,1048,1048,,,,1079,1123,1109
1002,1057,1044,,,,,,1049,1049,,,,1080,1124,1110
1003,1058,1045,,,,,,1050,1050,,,,1081,1125,1111
1004,1059,1046,,,,,,1051,1051,,,,1082,1126,1112
1005,1060,1047,,,,,,1052,1052,,,,1083,1127,1113
1006,1061,1048,,,,,,1053,1053,,,,1084,1128,1114
1007,1062,1049,,,,,,1054,1054,,,,1085,1129,1115
1008,1063,1050,,,,,,1055,1055,,,,1086,1130,1116
1009,1064,1051,,,,,,1056,1056,,,,1087,1131,1117
1010,1065,1052,,,,,,1057,1057,,,,1088,1132,1118
1011,1066,1053,,,,,,1058,1058,,,,1089,1133,1119
1012,1067,1054,,,,,,1059,1059,,,,1090,1134,1120
1013,1068,1055,,,,,,1060,1060,,,,1091,1135,1121
1014,1069,1056,,,,,,1061,1061,,,,1092,1136,1122
1015,1070,1057,,,,,,1062,1062,,,,1093,1137,1123
1016,1071,1058,,,,,,1063,1063,,,,1094,1138,1124
1017,1072,1059,,,,,,1064,1064,,,,1095,1139,1125
1018,1073,1060,,,,,,1065,1065,,,,1096,1140,1126
1019,1074,1061,,,,,,1066,1066,,,,1097,1141,1127
1020,1075,1062,,,,,,1067,1067,,,,1098,1142,1128
1021,1076,1063,,,,,,1068,1068,,,,1099,1143,1129
1022,1077,1064,,,,,,1069,1069,,,,1100,1144,1130
1023,1078,1065,,,,,,1070,1070,,,,1101,1145,1131
1024,1079,1066,,,,,,1071,1071,,,,1102,1146,1132
1025,1080,1067,,,,,,1072,1072,,,,1103,1147,1133
1026,1081,1068,,,,,,1073,1073,,,,1104,,1134
1027,1082,1069,,,,,,1074,1074,,,,1105,,1135
1028,1083,1070,,,,,,1075,1075,,,,1106,,1136
1029,1084,1071,,,,,,1076,1076,,,,1107,,1137
1030,1085,1072,,,,,,1077,1077,,,,1108,,1138
1031,1086,1073,,,,,,1078,1078,,,,1109,,1139
1032,1087,1074,,,,,,1079,1079,,,,1110,,1140
1033,1088,1075,,,,,,1080,1080,,,,1111,,1141
1034,1089,1076,,,,,,1081,1081,,,,1112,,1142
1035,1090,1077,,,,,,1082,1082,,,,1113,,1143
1036,1091,1078,,,,,,1083,1083,,,,1114,,1144
1037,1092,1079,,,,,,1084,1084,,,,1115,,1145
1038,1093,1080,,,,,,1085,1085,,,,1116,,1146
1039,1094,1081,,,,,,1086,1086,,,,1117,,1147
1040,1095,1082,,,,,,1087,1087,,,,1118,,
1041,1096,1083,,,,,,1088,1088,,,,1119,,
1042,1097,1084,,,,,,1089,1089,,,,1120,,
1043,1098,1085,,,,,,1090,1090,,,,1121,,
1044,1099,1086,,,,,,1091,1091,,,,1122,,
1045,1100,1087,,,,,,1092,1092,,,,1123,,
1046,1101,1088,,,,,,1093,1093,,,,1124,,
1047,1102,1089,,,,,,1094,1094,,,,1125,,
1048,1103,1090,,,,,,1095,1095,,,,1126,,
1049,1104,1091,,,,,,1096,1096,,,,1127,,
1050,1105,1092,,,,,,1097,1097,,,,1128,,
1051,1106,1093,,,,,,1098,1098,,,,1129,,
1052,1107,1094,,,,,,1099,1099,,,,1130,,
1053,1108,1095,,,,,,1100,1100,,,,1131,,
1054,1109,1096,,,,,,1101,1101,,,,1132,,
1055,1110,1097,,,,,,1102,1102,,,,1133,,
1056,1111,1098,,,,,,1103,1103,,,,1134,,
1057,1112,1099,,,,,,1104,1104,,,,1135,,
1058,1113,1100,,,,,,1105,1105,,,,1136,,
1059,1114,1101,,,,,,1106,1106,,,,1137,,
1060,1115,1102,,,,,,1107,1107,,,,1138,,
1061,1116,1103,,,,,,1108,1108,,,,1139,,
1062,1117,1104,,,,,,1109,1109,,,,1140,,
1063,1118,1105,,,,,,1110,1110,,,,1141,,
1064,1119,1106,,,,,,1111,1111,,,,1142,,
1065,,1107,,,,,,1112,1112,,,,1143,,
1066,,1108,,,,,,1113,1113,,,,1144,,
1067,,1109,,,,,,1114,1114,,,,1145,,
1068,,1110,,,,,,1115,1115,,,,1146,,
1069,,1111,,,,,,1116,1116,,,,,,
1070,,1112,,,,,,1117,1117,,,,,,
1071,,1113,,,,,,1118,1118,,,,,,
1072,,1114,,,,,,1119,1119,,,,,,
1073,,1115,,,,,,1120,1120,,,,,,
1074,,1116,,,,,,1121,1121,,,,,,
1075,,1117,,,,,,1122,1122,,,,,,
1076,,1118,,,,,,1123,1123,,,,,,
1077,,1119,,,,,,1124,1124,,,,,,
1078,,1120,,,,,,1125,1125,,,,,,
1079,,1121,,,,,,1126,1126,,,,,,
1080,,1122,,,,,,1127,1127,,,,,,
1081,,1123,,,,,,1128,1128,,,,,,
1082,,1124,,,,,,1129,1129,,,,,,
1083,,1125,,,,,,1130,1130,,,,,,
1084,,1126,,,,,,1131,1131,,,,,,
1085,,1127,,,,,,1132,1132,,,,,,
1086,,1128,,,,,,1133,1133,,,,,,
1087,,1129,,,,,,1134,1134,,,,,,
1088,,1130,,,,,,1135,1135,,,,,,
1089,,1131,,,,,,1136,1136,,,,,,
1090,,1132,,,,,,1137,1137,,,,,,
1091,,1133,,,,,,1138,1138,,,,,,
1092,,1134,,,,,,1139,1139,,,,,,
1093,,1135,,,,,,1140,1140,,,,,,
1094,,1136,,,,,,1141,1141,,,,,,
1095,,1137,,,,,,1142,1142,,,,,,
1096,,1138,,,,,,1143,1143,,,,,,
1097,,1139,,,,,,1144,1144,,,,,,
1098,,1140,,,,,,1145,1145,,,,,,
1099,,1141,,,,,,1146,1146,,,,,,
1100,,1142,,,,,,,,,,,,,
1101,,1143,,,,,,,,,,,,,
1102,,1144,,,,,,,,,,,,,
1103,,1145,,,,,,,,,,,,,
1104,,1146,,,,,,,,,,,,,
1105,,1147,,,,,,,,,,,,,
1106,,1148,,,,,,,,,,,,,
1107,,1149,,,,,,,,,,,,,
1108,,1150,,,,,,,,,,,,,
1109,,1151,,,,,,,,,,,,,
1110,,1152,,,,,,,,,,,,,
1111,,1153,,,,,,,,,,,,,
1112,,1154,,,,,,,,,,,,,
1113,,1155,,,,,,,,,,,,,
1114,,1156,,,,,,,,,,,,,
1115,,1157,,,,,,,,,,,,,
1116,,1158,,,,,,,,,,,,,
1117,,1159,,,,,,,,,,,,,
1118,,1160,,,,,,,,,,,,,
1119,,1161,,,,,,,,,,,,,
1120,,1162,,,,,,,,,,,,,
